{"ts": "2025-11-18T11:00:33", "level": "INFO", "name": "rl.train", "msg": "episode_start", "episode": 1}
{"ts": "2025-11-18T11:00:44", "level": "INFO", "name": "rl.train", "msg": "policy_update", "episode": 1, "step": 1, "metrics": {"lr": 0.0003, "loss": 0.0}}
{"ts": "2025-11-18T11:00:46", "level": "INFO", "name": "rl.train", "msg": "policy_update", "episode": 1, "step": 2, "metrics": {"lr": 0.0003, "loss": 0.0}}
{"ts": "2025-11-18T11:00:47", "level": "INFO", "name": "rl.train", "msg": "policy_update", "episode": 1, "step": 3, "metrics": {"lr": 0.0003, "loss": 0.0}}
{"ts": "2025-11-18T11:00:50", "level": "INFO", "name": "rl.train", "msg": "policy_update", "episode": 1, "step": 4, "metrics": {"lr": 0.0003, "loss": 0.0}}
{"ts": "2025-11-18T11:00:52", "level": "INFO", "name": "rl.train", "msg": "policy_update", "episode": 1, "step": 5, "metrics": {"lr": 0.0003, "loss": 0.0}}
{"ts": "2025-11-18T11:00:55", "level": "INFO", "name": "rl.train", "msg": "policy_update", "episode": 1, "step": 6, "metrics": {"lr": 0.0003, "loss": 0.0}}
{"ts": "2025-11-18T11:00:57", "level": "INFO", "name": "rl.train", "msg": "policy_update", "episode": 1, "step": 7, "metrics": {"lr": 0.0003, "loss": 0.0}}
{"ts": "2025-11-18T11:01:00", "level": "INFO", "name": "rl.train", "msg": "policy_update", "episode": 1, "step": 8, "metrics": {"lr": 0.0003, "loss": 0.0}}
{"ts": "2025-11-18T11:01:02", "level": "INFO", "name": "rl.train", "msg": "policy_update", "episode": 1, "step": 9, "metrics": {"lr": 0.0003, "loss": 0.0}}
{"ts": "2025-11-18T11:01:05", "level": "INFO", "name": "rl.train", "msg": "policy_update", "episode": 1, "step": 10, "metrics": {"lr": 0.0003, "loss": 0.0}}
{"ts": "2025-11-18T11:01:07", "level": "INFO", "name": "rl.train", "msg": "policy_update", "episode": 1, "step": 11, "metrics": {"lr": 0.0003, "loss": 0.0}}
{"ts": "2025-11-18T11:01:09", "level": "INFO", "name": "rl.train", "msg": "policy_update", "episode": 1, "step": 12, "metrics": {"lr": 0.0003, "loss": 0.0}}
{"ts": "2025-11-18T11:01:12", "level": "INFO", "name": "rl.train", "msg": "policy_update", "episode": 1, "step": 13, "metrics": {"lr": 0.0003, "loss": 0.0}}
{"ts": "2025-11-18T11:01:14", "level": "INFO", "name": "rl.train", "msg": "policy_update", "episode": 1, "step": 14, "metrics": {"lr": 0.0003, "loss": 0.0}}
{"ts": "2025-11-18T11:01:16", "level": "INFO", "name": "rl.train", "msg": "policy_update", "episode": 1, "step": 15, "metrics": {"lr": 0.0003, "loss": 0.0}}
{"ts": "2025-11-18T11:01:18", "level": "INFO", "name": "rl.train", "msg": "policy_update", "episode": 1, "step": 16, "metrics": {"lr": 0.0003, "loss": 0.0}}
{"ts": "2025-11-18T11:01:20", "level": "INFO", "name": "rl.train", "msg": "policy_update", "episode": 1, "step": 17, "metrics": {"lr": 0.0003, "loss": 0.0}}
{"ts": "2025-11-18T11:01:23", "level": "INFO", "name": "rl.train", "msg": "policy_update", "episode": 1, "step": 18, "metrics": {"lr": 0.0003, "loss": 0.0}}
{"ts": "2025-11-18T11:01:25", "level": "INFO", "name": "rl.train", "msg": "policy_update", "episode": 1, "step": 19, "metrics": {"lr": 0.0003, "loss": 0.0}}
{"ts": "2025-11-18T11:01:28", "level": "INFO", "name": "rl.train", "msg": "policy_update", "episode": 1, "step": 20, "metrics": {"lr": 0.0003, "loss": 0.0}}
{"ts": "2025-11-18T11:01:30", "level": "INFO", "name": "rl.train", "msg": "policy_update", "episode": 1, "step": 21, "metrics": {"lr": 0.0003, "loss": 0.0}}
{"ts": "2025-11-18T11:01:33", "level": "INFO", "name": "rl.train", "msg": "policy_update", "episode": 1, "step": 22, "metrics": {"lr": 0.0003, "loss": 0.0}}
{"ts": "2025-11-18T11:01:35", "level": "INFO", "name": "rl.train", "msg": "policy_update", "episode": 1, "step": 23, "metrics": {"lr": 0.0003, "loss": 0.0}}
{"ts": "2025-11-18T11:01:38", "level": "INFO", "name": "rl.train", "msg": "policy_update", "episode": 1, "step": 24, "metrics": {"lr": 0.0003, "loss": 0.0}}
{"ts": "2025-11-18T11:01:40", "level": "INFO", "name": "rl.train", "msg": "policy_update", "episode": 1, "step": 25, "metrics": {"lr": 0.0003, "loss": 0.0}}
{"ts": "2025-11-18T11:01:42", "level": "INFO", "name": "rl.train", "msg": "policy_update", "episode": 1, "step": 26, "metrics": {"lr": 0.0003, "loss": 0.0}}
{"ts": "2025-11-18T11:01:45", "level": "INFO", "name": "rl.train", "msg": "policy_update", "episode": 1, "step": 27, "metrics": {"lr": 0.0003, "loss": 0.0}}
{"ts": "2025-11-18T11:01:46", "level": "INFO", "name": "rl.train", "msg": "policy_update", "episode": 1, "step": 28, "metrics": {"lr": 0.0003, "loss": 0.0}}
{"ts": "2025-11-18T11:01:49", "level": "INFO", "name": "rl.train", "msg": "policy_update", "episode": 1, "step": 29, "metrics": {"lr": 0.0003, "loss": 0.0}}
{"ts":"2025-11-18T11:05:01","level":"INFO","name":"rl.train","msg":"episode_start","episode":1}
{"ts":"2025-11-18T11:05:08","level":"INFO","name":"rl.train","msg":"step_after","episode":1,"step":1,"actions":{"Drone1":[-3.7443723678588867,-2.4396355152130127,3.8393049240112305,-75.46623992919922],"Drone2":[2.4101674556732178,-1.7304906845092773,-3.9862990379333496,-30.428340911865234],"Drone3":[-0.7848320007324219,1.8632659912109375,3.369925022125244,80.87703704833984]},"reward":{"Drone1":-0.33571573556413115,"Drone2":-18.340884688554535,"Drone3":-22.05166002060617},"info":{"Drone1":{"dist_to_goal":36.390682220458984,"jammer_power":3.248472012273851e-06,"reached_goal":false,"collided":false,"out_of_bounds":false,"nearest_jammer_dist":554.8306884765625,"timestamp":1763435107.8719428,"pos_raw":[-10.273613929748535,-0.1762986034154892,-4.159015655517578]},"Drone2":{"dist_to_goal":33.85385513305664,"jammer_power":3.324862973386189e-06,"reached_goal":false,"collided":false,"out_of_bounds":true,"nearest_jammer_dist":548.4197998046875,"timestamp":1763435108.0943484,"pos_raw":[-1.5717270374298096,-6.748838424682617,4.538449287414551]},"Drone3":{"dist_to_goal":24.70033836364746,"jammer_power":3.238233830415993e-06,"reached_goal":false,"collided":false,"out_of_bounds":true,"nearest_jammer_dist":555.70703125,"timestamp":1763435108.1744757,"pos_raw":[9.995906829833984,0.2516336143016815,5.002994060516357]}}}
{"ts":"2025-11-18T11:05:08","level":"INFO","name":"rl.train","msg":"policy_update","episode":1,"step":1,"metrics":{"lr":0.0003,"loss":0.0}}
{"ts":"2025-11-18T11:05:10","level":"INFO","name":"rl.train","msg":"step_after","episode":1,"step":2,"actions":{"Drone1":[-2.4957680702209473,-0.9657901525497437,1.8440734148025513,-18.23275375366211],"Drone2":[-0.03826812654733658,-3.0675153732299805,-0.41802912950515747,38.18896484375],"Drone3":[2.0021326541900635,3.5811562538146973,1.9816404581069946,67.84284210205078]},"reward":{"Drone1":0.09802678692505197,"Drone2":-20.135898120001695,"Drone3":-19.802957018305516},"info":{"Drone1":{"dist_to_goal":36.28265380859375,"jammer_power":3.2498803648195462e-06,"reached_goal":false,"collided":false,"out_of_bounds":false,"nearest_jammer_dist":554.7103881835938,"timestamp":1763435108.8661907,"pos_raw":[-10.068400382995605,-0.29536619782447815,-4.351731777191162]},"Drone2":{"dist_to_goal":33.97975158691406,"jammer_power":3.332288542878814e-06,"reached_goal":false,"collided":false,"out_of_bounds":true,"nearest_jammer_dist":547.8084106445312,"timestamp":1763435109.5724611,"pos_raw":[-1.509294867515564,-7.3335957527160645,3.0988848209381104]},"Drone3":{"dist_to_goal":24.49329376220703,"jammer_power":3.2394918889622204e-06,"reached_goal":false,"collided":false,"out_of_bounds":true,"nearest_jammer_dist":555.59912109375,"timestamp":1763435110.260577,"pos_raw":[10.049750328063965,0.14932963252067566,4.639939785003662]}}}
{"ts":"2025-11-18T11:05:10","level":"INFO","name":"rl.train","msg":"policy_update","episode":1,"step":2,"metrics":{"lr":0.0003,"loss":0.0}}
{"ts":"2025-11-18T11:05:11","level":"INFO","name":"rl.train","msg":"step_after","episode":1,"step":3,"actions":{"Drone1":[2.8087961673736572,0.9714959263801575,0.8237475156784058,-66.2618179321289],"Drone2":[-2.6847832202911377,0.24378611147403717,2.9015614986419678,-30.75013542175293],"Drone3":[1.734882116317749,-0.9622422456741333,-3.8159987926483154,-32.564273834228516]},"reward":{"Drone1":-0.12578913152709448,"Drone2":-19.876769548266235,"Drone3":-20.01149888836802},"info":{"Drone1":{"dist_to_goal":36.398441314697266,"jammer_power":3.250847157687531e-06,"reached_goal":false,"collided":false,"out_of_bounds":false,"nearest_jammer_dist":554.6279907226562,"timestamp":1763435110.952058,"pos_raw":[-10.150032997131348,-0.3782654404640198,-4.259495258331299]},"Drone2":{"dist_to_goal":33.846519470214844,"jammer_power":3.329930905238143e-06,"reached_goal":false,"collided":false,"out_of_bounds":true,"nearest_jammer_dist":548.0023803710938,"timestamp":1763435111.4136925,"pos_raw":[-1.4539676904678345,-7.139791488647461,3.0661773681640625]},"Drone3":{"dist_to_goal":24.49479103088379,"jammer_power":3.239382522224332e-06,"reached_goal":false,"collided":false,"out_of_bounds":true,"nearest_jammer_dist":555.6085205078125,"timestamp":1763435111.4647267,"pos_raw":[10.008987426757812,0.15965591371059418,4.664534091949463]}}}
{"ts":"2025-11-18T11:05:11","level":"INFO","name":"rl.train","msg":"policy_update","episode":1,"step":3,"metrics":{"lr":0.0003,"loss":0.0}}
{"ts":"2025-11-18T11:05:11","level":"INFO","name":"rl.train","msg":"step_after","episode":1,"step":4,"actions":{"Drone1":[3.176689386367798,-1.39764404296875,0.3071731925010681,-54.0337028503418],"Drone2":[0.40429604053497314,-2.4701056480407715,0.396903932094574,13.193726539611816],"Drone3":[1.9745053052902222,3.620673894882202,-3.821985960006714,24.725404739379883]},"reward":{"Drone1":0.5840001458670849,"Drone2":-19.96476698456446,"Drone3":-20.015847643208314},"info":{"Drone1":{"dist_to_goal":35.804439544677734,"jammer_power":3.2483048926224e-06,"reached_goal":false,"collided":false,"out_of_bounds":false,"nearest_jammer_dist":554.8449096679688,"timestamp":1763435111.7093468,"pos_raw":[-9.578453063964844,-0.1608705371618271,-4.217535495758057]},"Drone2":{"dist_to_goal":33.80128479003906,"jammer_power":3.32948047798709e-06,"reached_goal":false,"collided":false,"out_of_bounds":true,"nearest_jammer_dist":548.0394287109375,"timestamp":1763435111.7276547,"pos_raw":[-1.4827089309692383,-7.1023736000061035,3.0683298110961914]},"Drone3":{"dist_to_goal":24.50063705444336,"jammer_power":3.2392974844697164e-06,"reached_goal":false,"collided":false,"out_of_bounds":true,"nearest_jammer_dist":555.6158447265625,"timestamp":1763435111.7456565,"pos_raw":[10.006689071655273,0.1669931262731552,4.666428565979004]}}}
{"ts":"2025-11-18T11:05:11","level":"INFO","name":"rl.train","msg":"policy_update","episode":1,"step":4,"metrics":{"lr":0.0003,"loss":0.0}}
{"ts":"2025-11-18T11:05:12","level":"INFO","name":"rl.train","msg":"step_after","episode":1,"step":5,"actions":{"Drone1":[1.1494433879852295,-2.2772257328033447,-3.269172191619873,85.40106964111328],"Drone2":[-3.7068822383880615,2.6464931964874268,0.4942428171634674,-2.779219627380371],"Drone3":[1.0763202905654907,-1.50392484664917,-0.5132080316543579,24.64320182800293]},"reward":{"Drone1":0.12163213409700348,"Drone2":-20.00752974093815,"Drone3":-20.01526399449325},"info":{"Drone1":{"dist_to_goal":35.67280578613281,"jammer_power":3.248895836804877e-06,"reached_goal":false,"collided":false,"out_of_bounds":false,"nearest_jammer_dist":554.7943725585938,"timestamp":1763435111.9824755,"pos_raw":[-9.386894226074219,-0.21085606515407562,-4.306645393371582]},"Drone2":{"dist_to_goal":33.79881286621094,"jammer_power":3.3295325465587666e-06,"reached_goal":false,"collided":false,"out_of_bounds":true,"nearest_jammer_dist":548.03515625,"timestamp":1763435112.0002544,"pos_raw":[-1.4936069250106812,-7.106515884399414,3.0690784454345703]},"Drone3":{"dist_to_goal":24.50589942932129,"jammer_power":3.239230636609136e-06,"reached_goal":false,"collided":false,"out_of_bounds":true,"nearest_jammer_dist":555.6215209960938,"timestamp":1763435112.017425,"pos_raw":[10.006860733032227,0.1726866364479065,4.667707443237305]}}}
{"ts":"2025-11-18T11:05:12","level":"INFO","name":"rl.train","msg":"policy_update","episode":1,"step":5,"metrics":{"lr":0.0003,"loss":0.0}}
{"ts":"2025-11-18T11:05:12","level":"INFO","name":"rl.train","msg":"episode_end","episode":1,"reward_sum":-199.88092244750845}
{"ts":"2026-01-27T22:18:56","level":"INFO","name":"rl.train","msg":"episode_start","episode":1}
{"ts":"2026-01-27T22:19:08","level":"INFO","name":"rl.train","msg":"[INTERFERENCE]","episode":1,"step":1,"strength":-47.043737767603474,"kind":"power","unit":"dB","agent":"Drone1","raw_strength":1.9752687876462005e-05,"raw_unit":"power"}
{"ts":"2026-01-27T22:19:08","level":"INFO","name":"rl.train","msg":"[INTERFERENCE]","episode":1,"step":1,"strength":-47.131989155873654,"kind":"power","unit":"dB","agent":"Drone2","raw_strength":1.9355351469130255e-05,"raw_unit":"power"}
{"ts":"2026-01-27T22:19:08","level":"INFO","name":"rl.train","msg":"[INTERFERENCE]","episode":1,"step":1,"strength":-47.63904813625394,"kind":"power","unit":"dB","agent":"Drone3","raw_strength":1.722245906421449e-05,"raw_unit":"power"}
{"ts":"2026-01-27T22:19:08","level":"INFO","name":"rl.train","msg":"step_after","episode":1,"step":1,"actions":{},"reward":{"Drone1":-0.010009876343938231,"Drone2":-0.010009677675734565,"Drone3":-0.010008611229532107},"info":{}}
{"ts":"2026-01-27T22:19:09","level":"INFO","name":"rl.train","msg":"[INTERFERENCE]","episode":1,"step":2,"strength":-46.91368444078428,"kind":"power","unit":"dB","agent":"Drone1","raw_strength":2.035314537351951e-05,"raw_unit":"power"}
{"ts":"2026-01-27T22:19:09","level":"INFO","name":"rl.train","msg":"[INTERFERENCE]","episode":1,"step":2,"strength":-46.990117458860475,"kind":"power","unit":"dB","agent":"Drone2","raw_strength":1.9998076822957955e-05,"raw_unit":"power"}
{"ts":"2026-01-27T22:19:09","level":"INFO","name":"rl.train","msg":"[INTERFERENCE]","episode":1,"step":2,"strength":-47.489310124027575,"kind":"power","unit":"dB","agent":"Drone3","raw_strength":1.782661820470821e-05,"raw_unit":"power"}
{"ts":"2026-01-27T22:19:09","level":"INFO","name":"rl.train","msg":"step_after","episode":1,"step":2,"actions":{},"reward":{"Drone1":0.7719722453023132,"Drone2":0.6653935959322916,"Drone3":0.5648583352260539},"info":{}}
{"ts":"2026-01-27T22:19:10","level":"INFO","name":"rl.train","msg":"[INTERFERENCE]","episode":1,"step":3,"strength":-46.652496344215244,"kind":"power","unit":"dB","agent":"Drone1","raw_strength":2.1614756406052038e-05,"raw_unit":"power"}
{"ts":"2026-01-27T22:19:10","level":"INFO","name":"rl.train","msg":"[INTERFERENCE]","episode":1,"step":3,"strength":-46.676917937210064,"kind":"power","unit":"dB","agent":"Drone2","raw_strength":2.1493551685125567e-05,"raw_unit":"power"}
{"ts":"2026-01-27T22:19:10","level":"INFO","name":"rl.train","msg":"[INTERFERENCE]","episode":1,"step":3,"strength":-47.16317202175071,"kind":"power","unit":"dB","agent":"Drone3","raw_strength":1.9216875443817116e-05,"raw_unit":"power"}
{"ts":"2026-01-27T22:19:10","level":"INFO","name":"rl.train","msg":"step_after","episode":1,"step":3,"actions":{},"reward":{"Drone1":0.9063290668893751,"Drone2":0.8724965774429074,"Drone3":0.8300325058200906},"info":{}}
{"ts":"2026-01-27T22:19:11","level":"INFO","name":"rl.train","msg":"[INTERFERENCE]","episode":1,"step":4,"strength":-46.25083466092029,"kind":"power","unit":"dB","agent":"Drone1","raw_strength":2.370917900407221e-05,"raw_unit":"power"}
{"ts":"2026-01-27T22:19:11","level":"INFO","name":"rl.train","msg":"[INTERFERENCE]","episode":1,"step":4,"strength":-46.22164053593262,"kind":"power","unit":"dB","agent":"Drone2","raw_strength":2.3869093638495542e-05,"raw_unit":"power"}
{"ts":"2026-01-27T22:19:11","level":"INFO","name":"rl.train","msg":"[INTERFERENCE]","episode":1,"step":4,"strength":-46.6983812767197,"kind":"power","unit":"dB","agent":"Drone3","raw_strength":2.138759009540081e-05,"raw_unit":"power"}
{"ts":"2026-01-27T22:19:11","level":"INFO","name":"rl.train","msg":"step_after","episode":1,"step":4,"actions":{},"reward":{"Drone1":0.9379327865237792,"Drone2":0.9730851418691964,"Drone3":0.9523554103309289},"info":{}}
{"ts":"2026-01-27T22:19:11","level":"INFO","name":"rl.train","msg":"[INTERFERENCE]","episode":1,"step":5,"strength":-45.84231133151272,"kind":"power","unit":"dB","agent":"Drone1","raw_strength":2.6047668143291958e-05,"raw_unit":"power"}
{"ts":"2026-01-27T22:19:11","level":"INFO","name":"rl.train","msg":"[INTERFERENCE]","episode":1,"step":5,"strength":-45.75536691311139,"kind":"power","unit":"dB","agent":"Drone2","raw_strength":2.6574389266897924e-05,"raw_unit":"power"}
{"ts":"2026-01-27T22:19:11","level":"INFO","name":"rl.train","msg":"[INTERFERENCE]","episode":1,"step":5,"strength":-46.21169162961582,"kind":"power","unit":"dB","agent":"Drone3","raw_strength":2.3923836124595255e-05,"raw_unit":"power"}
{"ts":"2026-01-27T22:19:11","level":"INFO","name":"rl.train","msg":"step_after","episode":1,"step":5,"actions":{},"reward":{"Drone1":0.9357152781678815,"Drone2":1.0655062745729447,"Drone3":1.0500180216024455},"info":{}}
{"ts":"2026-01-27T22:19:12","level":"INFO","name":"rl.train","msg":"[INTERFERENCE]","episode":1,"step":6,"strength":-45.43539531443686,"kind":"power","unit":"dB","agent":"Drone1","raw_strength":2.860621862055268e-05,"raw_unit":"power"}
{"ts":"2026-01-27T22:19:12","level":"INFO","name":"rl.train","msg":"[INTERFERENCE]","episode":1,"step":6,"strength":-45.28550229988305,"kind":"power","unit":"dB","agent":"Drone2","raw_strength":2.9610773708554916e-05,"raw_unit":"power"}
{"ts":"2026-01-27T22:19:12","level":"INFO","name":"rl.train","msg":"[INTERFERENCE]","episode":1,"step":6,"strength":-45.71202992930737,"kind":"power","unit":"dB","agent":"Drone3","raw_strength":2.684089486137964e-05,"raw_unit":"power"}
{"ts":"2026-01-27T22:19:12","level":"INFO","name":"rl.train","msg":"step_after","episode":1,"step":6,"actions":{},"reward":{"Drone1":0.936221353628971,"Drone2":1.0696513323084582,"Drone3":1.0768701244744443},"info":{}}
{"ts":"2026-01-27T22:19:13","level":"INFO","name":"rl.train","msg":"[INTERFERENCE]","episode":1,"step":7,"strength":-45.02566216775268,"kind":"power","unit":"dB","agent":"Drone1","raw_strength":3.1436469726031646e-05,"raw_unit":"power"}
{"ts":"2026-01-27T22:19:13","level":"INFO","name":"rl.train","msg":"[INTERFERENCE]","episode":1,"step":7,"strength":-44.80768141175738,"kind":"power","unit":"dB","agent":"Drone2","raw_strength":3.305459540570155e-05,"raw_unit":"power"}
{"ts":"2026-01-27T22:19:13","level":"INFO","name":"rl.train","msg":"[INTERFERENCE]","episode":1,"step":7,"strength":-45.19353725689794,"kind":"power","unit":"dB","agent":"Drone3","raw_strength":3.0244489607866853e-05,"raw_unit":"power"}
{"ts":"2026-01-27T22:19:13","level":"INFO","name":"rl.train","msg":"step_after","episode":1,"step":7,"actions":{},"reward":{"Drone1":0.931787260280762,"Drone2":1.0471905802462425,"Drone3":1.0642970878382039},"info":{}}
{"ts":"2026-01-27T22:19:13","level":"INFO","name":"rl.train","msg":"[INTERFERENCE]","episode":1,"step":8,"strength":-44.61647414992798,"kind":"power","unit":"dB","agent":"Drone1","raw_strength":3.454240504652262e-05,"raw_unit":"power"}
{"ts":"2026-01-27T22:19:13","level":"INFO","name":"rl.train","msg":"[INTERFERENCE]","episode":1,"step":8,"strength":-44.328763423167636,"kind":"power","unit":"dB","agent":"Drone2","raw_strength":3.690826633828692e-05,"raw_unit":"power"}
{"ts":"2026-01-27T22:19:13","level":"INFO","name":"rl.train","msg":"[INTERFERENCE]","episode":1,"step":8,"strength":-44.65682307494742,"kind":"power","unit":"dB","agent":"Drone3","raw_strength":3.422296867938712e-05,"raw_unit":"power"}
{"ts":"2026-01-27T22:19:13","level":"INFO","name":"rl.train","msg":"step_after","episode":1,"step":8,"actions":{},"reward":{"Drone1":0.9358941362681799,"Drone2":1.02005089706312,"Drone3":1.0447466824609728},"info":{}}
{"ts":"2026-01-27T22:19:14","level":"INFO","name":"rl.train","msg":"[INTERFERENCE]","episode":1,"step":9,"strength":-44.21178128988039,"kind":"power","unit":"dB","agent":"Drone1","raw_strength":3.791594281210564e-05,"raw_unit":"power"}
{"ts":"2026-01-27T22:19:14","level":"INFO","name":"rl.train","msg":"[INTERFERENCE]","episode":1,"step":9,"strength":-43.85506261955139,"kind":"power","unit":"dB","agent":"Drone2","raw_strength":4.116174022783525e-05,"raw_unit":"power"}
{"ts":"2026-01-27T22:19:14","level":"INFO","name":"rl.train","msg":"[INTERFERENCE]","episode":1,"step":9,"strength":-44.10547345127543,"kind":"power","unit":"dB","agent":"Drone3","raw_strength":3.8855512684676796e-05,"raw_unit":"power"}
{"ts":"2026-01-27T22:19:14","level":"INFO","name":"rl.train","msg":"step_after","episode":1,"step":9,"actions":{},"reward":{"Drone1":0.9365790950071096,"Drone2":1.0092379182753939,"Drone3":1.0397070584497123},"info":{}}
{"ts":"2026-01-27T22:19:15","level":"INFO","name":"rl.train","msg":"[INTERFERENCE]","episode":1,"step":10,"strength":-43.824174916405966,"kind":"power","unit":"dB","agent":"Drone1","raw_strength":4.145553248235956e-05,"raw_unit":"power"}
{"ts":"2026-01-27T22:19:15","level":"INFO","name":"rl.train","msg":"[INTERFERENCE]","episode":1,"step":10,"strength":-43.4044291506281,"kind":"power","unit":"dB","agent":"Drone2","raw_strength":4.56622256024275e-05,"raw_unit":"power"}
{"ts":"2026-01-27T22:19:15","level":"INFO","name":"rl.train","msg":"[INTERFERENCE]","episode":1,"step":10,"strength":-43.55704970808808,"kind":"power","unit":"dB","agent":"Drone3","raw_strength":4.408542372402735e-05,"raw_unit":"power"}
{"ts":"2026-01-27T22:19:15","level":"INFO","name":"rl.train","msg":"step_after","episode":1,"step":10,"actions":{},"reward":{"Drone1":0.9344697049730166,"Drone2":0.9960234640532144,"Drone3":1.0174657121099153},"info":{}}
{"ts":"2026-01-27T22:19:16","level":"INFO","name":"rl.train","msg":"[INTERFERENCE]","episode":1,"step":11,"strength":-43.46337626797406,"kind":"power","unit":"dB","agent":"Drone1","raw_strength":4.5046635932521895e-05,"raw_unit":"power"}
{"ts":"2026-01-27T22:19:16","level":"INFO","name":"rl.train","msg":"[INTERFERENCE]","episode":1,"step":11,"strength":-42.990006819618934,"kind":"power","unit":"dB","agent":"Drone2","raw_strength":5.023417907068506e-05,"raw_unit":"power"}
{"ts":"2026-01-27T22:19:16","level":"INFO","name":"rl.train","msg":"[INTERFERENCE]","episode":1,"step":11,"strength":-43.01279323066887,"kind":"power","unit":"dB","agent":"Drone3","raw_strength":4.997130236006342e-05,"raw_unit":"power"}
{"ts":"2026-01-27T22:19:16","level":"INFO","name":"rl.train","msg":"step_after","episode":1,"step":11,"actions":{},"reward":{"Drone1":0.930119154538479,"Drone2":0.9929484394290193,"Drone3":1.0131655127008707},"info":{}}
{"ts":"2026-01-27T22:19:16","level":"INFO","name":"rl.train","msg":"[INTERFERENCE]","episode":1,"step":12,"strength":-43.130825510206364,"kind":"power","unit":"dB","agent":"Drone1","raw_strength":4.863147478317842e-05,"raw_unit":"power"}
{"ts":"2026-01-27T22:19:16","level":"INFO","name":"rl.train","msg":"[INTERFERENCE]","episode":1,"step":12,"strength":-42.61906718028798,"kind":"power","unit":"dB","agent":"Drone2","raw_strength":5.4713345889467746e-05,"raw_unit":"power"}
{"ts":"2026-01-27T22:19:16","level":"INFO","name":"rl.train","msg":"[INTERFERENCE]","episode":1,"step":12,"strength":-42.478132504080875,"kind":"power","unit":"dB","agent":"Drone3","raw_strength":5.651799438055605e-05,"raw_unit":"power"}
{"ts":"2026-01-27T22:19:16","level":"INFO","name":"rl.train","msg":"step_after","episode":1,"step":12,"actions":{},"reward":{"Drone1":0.9357535773290147,"Drone2":1.010676912736235,"Drone3":1.0326658327996847},"info":{}}
{"ts":"2026-01-27T22:19:17","level":"INFO","name":"rl.train","msg":"[INTERFERENCE]","episode":1,"step":13,"strength":-42.845472511865296,"kind":"power","unit":"dB","agent":"Drone1","raw_strength":5.193411561776884e-05,"raw_unit":"power"}
{"ts":"2026-01-27T22:19:17","level":"INFO","name":"rl.train","msg":"[INTERFERENCE]","episode":1,"step":13,"strength":-42.31728857793221,"kind":"power","unit":"dB","agent":"Drone2","raw_strength":5.8650421124184504e-05,"raw_unit":"power"}
{"ts":"2026-01-27T22:19:17","level":"INFO","name":"rl.train","msg":"[INTERFERENCE]","episode":1,"step":13,"strength":-41.978965134283726,"kind":"power","unit":"dB","agent":"Drone3","raw_strength":6.340207619359717e-05,"raw_unit":"power"}
{"ts":"2026-01-27T22:19:17","level":"INFO","name":"rl.train","msg":"step_after","episode":1,"step":13,"actions":{},"reward":{"Drone1":0.9364614597000036,"Drone2":0.9925284293060395,"Drone3":1.0225057592890516},"info":{}}
{"ts":"2026-01-27T22:19:18","level":"INFO","name":"rl.train","msg":"[INTERFERENCE]","episode":1,"step":14,"strength":-42.6114687998663,"kind":"power","unit":"dB","agent":"Drone1","raw_strength":5.480915569933131e-05,"raw_unit":"power"}
{"ts":"2026-01-27T22:19:18","level":"INFO","name":"rl.train","msg":"[INTERFERENCE]","episode":1,"step":14,"strength":-42.09443654653671,"kind":"power","unit":"dB","agent":"Drone2","raw_strength":6.173853762447834e-05,"raw_unit":"power"}
{"ts":"2026-01-27T22:19:18","level":"INFO","name":"rl.train","msg":"[INTERFERENCE]","episode":1,"step":14,"strength":-41.531085651869624,"kind":"power","unit":"dB","agent":"Drone3","raw_strength":7.028965774225071e-05,"raw_unit":"power"}
{"ts":"2026-01-27T22:19:18","level":"INFO","name":"rl.train","msg":"step_after","episode":1,"step":14,"actions":{},"reward":{"Drone1":0.9345850984739081,"Drone2":0.9992083275085315,"Drone3":1.0174955253371445},"info":{}}
{"ts":"2026-01-27T22:19:18","level":"INFO","name":"rl.train","msg":"[INTERFERENCE]","episode":1,"step":15,"strength":-42.44061269565361,"kind":"power","unit":"dB","agent":"Drone1","raw_strength":5.700838300981559e-05,"raw_unit":"power"}
{"ts":"2026-01-27T22:19:18","level":"INFO","name":"rl.train","msg":"[INTERFERENCE]","episode":1,"step":15,"strength":-41.96647397644536,"kind":"power","unit":"dB","agent":"Drone2","raw_strength":6.358469545375556e-05,"raw_unit":"power"}
{"ts":"2026-01-27T22:19:18","level":"INFO","name":"rl.train","msg":"[INTERFERENCE]","episode":1,"step":15,"strength":-41.15566903269958,"kind":"power","unit":"dB","agent":"Drone3","raw_strength":7.663604628760368e-05,"raw_unit":"power"}
{"ts":"2026-01-27T22:19:18","level":"INFO","name":"rl.train","msg":"step_after","episode":1,"step":15,"actions":{},"reward":{"Drone1":0.9350703727616201,"Drone2":1.003733542735281,"Drone3":1.0254145246892585},"info":{}}
{"ts":"2026-01-27T22:19:19","level":"INFO","name":"rl.train","msg":"[INTERFERENCE]","episode":1,"step":16,"strength":-42.339490019093134,"kind":"power","unit":"dB","agent":"Drone1","raw_strength":5.835136107634753e-05,"raw_unit":"power"}
{"ts":"2026-01-27T22:19:19","level":"INFO","name":"rl.train","msg":"[INTERFERENCE]","episode":1,"step":16,"strength":-41.941143865166055,"kind":"power","unit":"dB","agent":"Drone2","raw_strength":6.3956635131035e-05,"raw_unit":"power"}
{"ts":"2026-01-27T22:19:19","level":"INFO","name":"rl.train","msg":"[INTERFERENCE]","episode":1,"step":16,"strength":-40.87767592134692,"kind":"power","unit":"dB","agent":"Drone3","raw_strength":8.170194632839411e-05,"raw_unit":"power"}
{"ts":"2026-01-27T22:19:19","level":"INFO","name":"rl.train","msg":"step_after","episode":1,"step":16,"actions":{},"reward":{"Drone1":0.9375225516143837,"Drone2":1.0031592448269657,"Drone3":1.0318693205356249},"info":{}}
{"ts":"2026-01-27T22:19:18","level":"INFO","name":"rl.train","msg":"[INTERFERENCE]","episode":1,"step":17,"strength":-42.315225040741126,"kind":"power","unit":"dB","agent":"Drone1","raw_strength":5.867829531780444e-05,"raw_unit":"power"}
{"ts":"2026-01-27T22:19:18","level":"INFO","name":"rl.train","msg":"[INTERFERENCE]","episode":1,"step":17,"strength":-42.021552019385204,"kind":"power","unit":"dB","agent":"Drone2","raw_strength":6.278339424170554e-05,"raw_unit":"power"}
{"ts":"2026-01-27T22:19:18","level":"INFO","name":"rl.train","msg":"[INTERFERENCE]","episode":1,"step":17,"strength":-40.72189502059436,"kind":"power","unit":"dB","agent":"Drone3","raw_strength":8.468578016618267e-05,"raw_unit":"power"}
{"ts":"2026-01-27T22:19:18","level":"INFO","name":"rl.train","msg":"step_after","episode":1,"step":17,"actions":{},"reward":{"Drone1":0.937461352991013,"Drone2":1.0045140489767073,"Drone3":1.0248988535515673},"info":{}}
{"ts":"2026-01-27T22:19:18","level":"INFO","name":"rl.train","msg":"[INTERFERENCE]","episode":1,"step":18,"strength":-42.359300752282365,"kind":"power","unit":"dB","agent":"Drone1","raw_strength":5.808579226140864e-05,"raw_unit":"power"}
{"ts":"2026-01-27T22:19:18","level":"INFO","name":"rl.train","msg":"[INTERFERENCE]","episode":1,"step":18,"strength":-42.17370683238787,"kind":"power","unit":"dB","agent":"Drone2","raw_strength":6.062186730559915e-05,"raw_unit":"power"}
{"ts":"2026-01-27T22:19:18","level":"INFO","name":"rl.train","msg":"[INTERFERENCE]","episode":1,"step":18,"strength":-40.682364395407156,"kind":"power","unit":"dB","agent":"Drone3","raw_strength":8.546013123122975e-05,"raw_unit":"power"}
{"ts":"2026-01-27T22:19:18","level":"INFO","name":"rl.train","msg":"step_after","episode":1,"step":18,"actions":{},"reward":{"Drone1":0.9354246009026974,"Drone2":0.99552579563373,"Drone3":1.024100717810361},"info":{}}
{"ts":"2026-01-27T22:19:19","level":"INFO","name":"rl.train","msg":"[INTERFERENCE]","episode":1,"step":19,"strength":-42.47377177503948,"kind":"power","unit":"dB","agent":"Drone1","raw_strength":5.657477231579833e-05,"raw_unit":"power"}
{"ts":"2026-01-27T22:19:19","level":"INFO","name":"rl.train","msg":"[INTERFERENCE]","episode":1,"step":19,"strength":-42.42735911955919,"kind":"power","unit":"dB","agent":"Drone2","raw_strength":5.7182624004781246e-05,"raw_unit":"power"}
{"ts":"2026-01-27T22:19:19","level":"INFO","name":"rl.train","msg":"[INTERFERENCE]","episode":1,"step":19,"strength":-40.774014577895024,"kind":"power","unit":"dB","agent":"Drone3","raw_strength":8.367554255528376e-05,"raw_unit":"power"}
{"ts":"2026-01-27T22:19:19","level":"INFO","name":"rl.train","msg":"step_after","episode":1,"step":19,"actions":{},"reward":{"Drone1":0.9366002831704827,"Drone2":1.007280597530771,"Drone3":1.0257748316928337},"info":{}}
{"ts":"2026-01-27T22:19:19","level":"INFO","name":"rl.train","msg":"[INTERFERENCE]","episode":1,"step":20,"strength":-42.65898881951551,"kind":"power","unit":"dB","agent":"Drone1","raw_strength":5.421270907390863e-05,"raw_unit":"power"}
{"ts":"2026-01-27T22:19:19","level":"INFO","name":"rl.train","msg":"[INTERFERENCE]","episode":1,"step":20,"strength":-42.75509780345767,"kind":"power","unit":"dB","agent":"Drone2","raw_strength":5.302616409608163e-05,"raw_unit":"power"}
{"ts":"2026-01-27T22:19:19","level":"INFO","name":"rl.train","msg":"[INTERFERENCE]","episode":1,"step":20,"strength":-40.994743747706046,"kind":"power","unit":"dB","agent":"Drone3","raw_strength":7.95290179667063e-05,"raw_unit":"power"}
{"ts":"2026-01-27T22:19:19","level":"INFO","name":"rl.train","msg":"step_after","episode":1,"step":20,"actions":{},"reward":{"Drone1":0.9370992821952677,"Drone2":1.0028862371620926,"Drone3":1.026509565248707},"info":{}}
{"ts":"2026-01-27T22:19:20","level":"INFO","name":"rl.train","msg":"[INTERFERENCE]","episode":1,"step":21,"strength":-42.905904749938635,"kind":"power","unit":"dB","agent":"Drone1","raw_strength":5.1216455176472664e-05,"raw_unit":"power"}
{"ts":"2026-01-27T22:19:20","level":"INFO","name":"rl.train","msg":"[INTERFERENCE]","episode":1,"step":21,"strength":-43.14318310708751,"kind":"power","unit":"dB","agent":"Drone2","raw_strength":4.8493293434148654e-05,"raw_unit":"power"}
{"ts":"2026-01-27T22:19:20","level":"INFO","name":"rl.train","msg":"[INTERFERENCE]","episode":1,"step":21,"strength":-41.32473036769746,"kind":"power","unit":"dB","agent":"Drone3","raw_strength":7.371009269263595e-05,"raw_unit":"power"}
{"ts":"2026-01-27T22:19:20","level":"INFO","name":"rl.train","msg":"step_after","episode":1,"step":21,"actions":{},"reward":{"Drone1":0.9381345632812008,"Drone2":1.005509200618908,"Drone3":1.0296522089795326},"info":{}}
{"ts":"2026-01-27T22:19:21","level":"INFO","name":"rl.train","msg":"[INTERFERENCE]","episode":1,"step":22,"strength":-43.205311744911256,"kind":"power","unit":"dB","agent":"Drone1","raw_strength":4.780450399266556e-05,"raw_unit":"power"}
{"ts":"2026-01-27T22:19:21","level":"INFO","name":"rl.train","msg":"[INTERFERENCE]","episode":1,"step":22,"strength":-43.573389059783054,"kind":"power","unit":"dB","agent":"Drone2","raw_strength":4.3919873860431835e-05,"raw_unit":"power"}
{"ts":"2026-01-27T22:19:21","level":"INFO","name":"rl.train","msg":"[INTERFERENCE]","episode":1,"step":22,"strength":-41.74046693671953,"kind":"power","unit":"dB","agent":"Drone3","raw_strength":6.698125798720866e-05,"raw_unit":"power"}
{"ts":"2026-01-27T22:19:21","level":"INFO","name":"rl.train","msg":"step_after","episode":1,"step":22,"actions":{},"reward":{"Drone1":0.9371120230409724,"Drone2":1.009364331566976,"Drone3":101.02980410817166},"info":{}}
{"ts":"2026-01-27T22:19:22","level":"INFO","name":"rl.train","msg":"[INTERFERENCE]","episode":1,"step":23,"strength":-43.54470228867203,"kind":"power","unit":"dB","agent":"Drone1","raw_strength":4.421094126882963e-05,"raw_unit":"power"}
{"ts":"2026-01-27T22:19:22","level":"INFO","name":"rl.train","msg":"[INTERFERENCE]","episode":1,"step":23,"strength":-44.03037270928688,"kind":"power","unit":"dB","agent":"Drone2","raw_strength":3.953326813643798e-05,"raw_unit":"power"}
{"ts":"2026-01-27T22:19:22","level":"INFO","name":"rl.train","msg":"[INTERFERENCE]","episode":1,"step":23,"strength":-42.21540139989,"kind":"power","unit":"dB","agent":"Drone3","raw_strength":6.004265014780685e-05,"raw_unit":"power"}
{"ts":"2026-01-27T22:19:22","level":"INFO","name":"rl.train","msg":"step_after","episode":1,"step":23,"actions":{},"reward":{"Drone1":0.9377995116558304,"Drone2":1.0011143810099747,"Drone3":100.97223497424987},"info":{}}
{"ts":"2026-01-27T22:19:22","level":"INFO","name":"rl.train","msg":"[INTERFERENCE]","episode":1,"step":24,"strength":-43.91320424636439,"kind":"power","unit":"dB","agent":"Drone1","raw_strength":4.0614355384605005e-05,"raw_unit":"power"}
{"ts":"2026-01-27T22:19:22","level":"INFO","name":"rl.train","msg":"[INTERFERENCE]","episode":1,"step":24,"strength":-44.50370413585099,"kind":"power","unit":"dB","agent":"Drone2","raw_strength":3.5451088479021564e-05,"raw_unit":"power"}
{"ts":"2026-01-27T22:19:22","level":"INFO","name":"rl.train","msg":"[INTERFERENCE]","episode":1,"step":24,"strength":-42.72295244237354,"kind":"power","unit":"dB","agent":"Drone3","raw_strength":5.342010626918636e-05,"raw_unit":"power"}
{"ts":"2026-01-27T22:19:22","level":"INFO","name":"rl.train","msg":"step_after","episode":1,"step":24,"actions":{},"reward":{"Drone1":0.9353255714233819,"Drone2":1.0057608160207019,"Drone3":99.36270521400387},"info":{}}
{"ts":"2026-01-27T22:19:23","level":"INFO","name":"rl.train","msg":"[INTERFERENCE]","episode":1,"step":25,"strength":-44.30375161955979,"kind":"power","unit":"dB","agent":"Drone1","raw_strength":3.7121440982446074e-05,"raw_unit":"power"}
{"ts":"2026-01-27T22:19:23","level":"INFO","name":"rl.train","msg":"[INTERFERENCE]","episode":1,"step":25,"strength":-44.97961790677696,"kind":"power","unit":"dB","agent":"Drone2","raw_strength":3.177153485012241e-05,"raw_unit":"power"}
{"ts":"2026-01-27T22:19:23","level":"INFO","name":"rl.train","msg":"[INTERFERENCE]","episode":1,"step":25,"strength":-43.278399686470685,"kind":"power","unit":"dB","agent":"Drone3","raw_strength":4.700672798207961e-05,"raw_unit":"power"}
{"ts":"2026-01-27T22:19:23","level":"INFO","name":"rl.train","msg":"step_after","episode":1,"step":25,"actions":{},"reward":{"Drone1":0.9386995102633955,"Drone2":1.0009265733390202,"Drone3":100.07694891208324},"info":{}}
{"ts":"2026-01-27T22:19:24","level":"INFO","name":"rl.train","msg":"[INTERFERENCE]","episode":1,"step":26,"strength":-44.706337120869684,"kind":"power","unit":"dB","agent":"Drone1","raw_strength":3.383500734344125e-05,"raw_unit":"power"}
{"ts":"2026-01-27T22:19:24","level":"INFO","name":"rl.train","msg":"[INTERFERENCE]","episode":1,"step":26,"strength":-45.4565453024272,"kind":"power","unit":"dB","agent":"Drone2","raw_strength":2.8467246011132374e-05,"raw_unit":"power"}
{"ts":"2026-01-27T22:19:24","level":"INFO","name":"rl.train","msg":"[INTERFERENCE]","episode":1,"step":26,"strength":-43.851506642478846,"kind":"power","unit":"dB","agent":"Drone3","raw_strength":4.119545701541938e-05,"raw_unit":"power"}
{"ts":"2026-01-27T22:19:24","level":"INFO","name":"rl.train","msg":"step_after","episode":1,"step":26,"actions":{},"reward":{"Drone1":0.9376511580578517,"Drone2":1.0036547803540452,"Drone3":100.6115029464638},"info":{}}
{"ts":"2026-01-27T22:19:24","level":"INFO","name":"rl.train","msg":"[INTERFERENCE]","episode":1,"step":27,"strength":-45.11566988538212,"kind":"power","unit":"dB","agent":"Drone1","raw_strength":3.079165253438987e-05,"raw_unit":"power"}
{"ts":"2026-01-27T22:19:24","level":"INFO","name":"rl.train","msg":"[INTERFERENCE]","episode":1,"step":27,"strength":-45.92849695339745,"kind":"power","unit":"dB","agent":"Drone2","raw_strength":2.553584818087984e-05,"raw_unit":"power"}
{"ts":"2026-01-27T22:19:24","level":"INFO","name":"rl.train","msg":"[INTERFERENCE]","episode":1,"step":27,"strength":-44.420053065159564,"kind":"power","unit":"dB","agent":"Drone3","raw_strength":3.614054367062636e-05,"raw_unit":"power"}
{"ts":"2026-01-27T22:19:24","level":"INFO","name":"rl.train","msg":"step_after","episode":1,"step":27,"actions":{},"reward":{"Drone1":0.9399252856312523,"Drone2":1.0026196020710267,"Drone3":99.45176708228267},"info":{}}
{"ts":"2026-01-27T22:19:25","level":"INFO","name":"rl.train","msg":"[INTERFERENCE]","episode":1,"step":28,"strength":-45.52875917530851,"kind":"power","unit":"dB","agent":"Drone1","raw_strength":2.7997810320812277e-05,"raw_unit":"power"}
{"ts":"2026-01-27T22:19:25","level":"INFO","name":"rl.train","msg":"[INTERFERENCE]","episode":1,"step":28,"strength":-46.39221935698487,"kind":"power","unit":"dB","agent":"Drone2","raw_strength":2.2949754566070624e-05,"raw_unit":"power"}
{"ts":"2026-01-27T22:19:25","level":"INFO","name":"rl.train","msg":"[INTERFERENCE]","episode":1,"step":28,"strength":-44.95421587941766,"kind":"power","unit":"dB","agent":"Drone3","raw_strength":3.195791214238852e-05,"raw_unit":"power"}
{"ts":"2026-01-27T22:19:25","level":"INFO","name":"rl.train","msg":"step_after","episode":1,"step":28,"actions":{},"reward":{"Drone1":0.937837182125113,"Drone2":1.0079443051520138,"Drone3":100.18333534941688},"info":{}}
{"ts":"2026-01-27T22:19:26","level":"INFO","name":"rl.train","msg":"[INTERFERENCE]","episode":1,"step":29,"strength":-45.94546473303356,"kind":"power","unit":"dB","agent":"Drone1","raw_strength":2.5436274881940335e-05,"raw_unit":"power"}
{"ts":"2026-01-27T22:19:26","level":"INFO","name":"rl.train","msg":"[INTERFERENCE]","episode":1,"step":29,"strength":-46.851003732195444,"kind":"power","unit":"dB","agent":"Drone2","raw_strength":2.064902764686849e-05,"raw_unit":"power"}
{"ts":"2026-01-27T22:19:26","level":"INFO","name":"rl.train","msg":"[INTERFERENCE]","episode":1,"step":29,"strength":-45.45780063374437,"kind":"power","unit":"dB","agent":"Drone3","raw_strength":2.8459018722060136e-05,"raw_unit":"power"}
{"ts":"2026-01-27T22:19:26","level":"INFO","name":"rl.train","msg":"step_after","episode":1,"step":29,"actions":{},"reward":{"Drone1":0.942994979921641,"Drone2":1.0180286540628367,"Drone3":100.18760088732527},"info":{}}
{"ts":"2026-01-27T22:19:26","level":"INFO","name":"rl.train","msg":"[INTERFERENCE]","episode":1,"step":30,"strength":-46.35504888173046,"kind":"power","unit":"dB","agent":"Drone1","raw_strength":2.3147020328906365e-05,"raw_unit":"power"}
{"ts":"2026-01-27T22:19:26","level":"INFO","name":"rl.train","msg":"[INTERFERENCE]","episode":1,"step":30,"strength":-47.29357101007026,"kind":"power","unit":"dB","agent":"Drone2","raw_strength":1.8648455807124265e-05,"raw_unit":"power"}
{"ts":"2026-01-27T22:19:26","level":"INFO","name":"rl.train","msg":"[INTERFERENCE]","episode":1,"step":30,"strength":-45.94458000626858,"kind":"power","unit":"dB","agent":"Drone3","raw_strength":2.5441457182751037e-05,"raw_unit":"power"}
{"ts":"2026-01-27T22:19:26","level":"INFO","name":"rl.train","msg":"step_after","episode":1,"step":30,"actions":{},"reward":{"Drone1":0.9402133028936441,"Drone2":1.0093302372344988,"Drone3":99.77187919149331},"info":{}}
{"ts":"2026-01-27T22:19:27","level":"INFO","name":"rl.train","msg":"[INTERFERENCE]","episode":1,"step":31,"strength":-46.74642004956422,"kind":"power","unit":"dB","agent":"Drone1","raw_strength":2.1152318367967382e-05,"raw_unit":"power"}
{"ts":"2026-01-27T22:19:27","level":"INFO","name":"rl.train","msg":"[INTERFERENCE]","episode":1,"step":31,"strength":-47.72005643034396,"kind":"power","unit":"dB","agent":"Drone2","raw_strength":1.6904188669286668e-05,"raw_unit":"power"}
{"ts":"2026-01-27T22:19:28","level":"INFO","name":"rl.train","msg":"[INTERFERENCE]","episode":1,"step":31,"strength":-47.72005643034396,"kind":"power","unit":"dB","agent":"Drone3","raw_strength":1.6904188669286668e-05,"raw_unit":"power"}
{"ts":"2026-01-27T22:19:28","level":"INFO","name":"rl.train","msg":"step_after","episode":1,"step":31,"actions":{},"reward":{"Drone1":0.9391647816594195,"Drone2":1.0012782834403333,"Drone3":100.17446455582306},"info":{}}
{"ts":"2026-01-27T22:19:28","level":"INFO","name":"rl.train","msg":"[INTERFERENCE]","episode":1,"step":32,"strength":-47.46530144733016,"kind":"power","unit":"dB","agent":"Drone1","raw_strength":1.792544026102405e-05,"raw_unit":"power"}
{"ts":"2026-01-27T22:19:29","level":"INFO","name":"rl.train","msg":"[INTERFERENCE]","episode":1,"step":32,"strength":-48.44886682062295,"kind":"power","unit":"dB","agent":"Drone2","raw_strength":1.4292667401605286e-05,"raw_unit":"power"}
{"ts":"2026-01-27T22:19:29","level":"INFO","name":"rl.train","msg":"[INTERFERENCE]","episode":1,"step":32,"strength":-47.27792799412218,"kind":"power","unit":"dB","agent":"Drone3","raw_strength":1.871574750111904e-05,"raw_unit":"power"}
{"ts":"2026-01-27T22:19:29","level":"INFO","name":"rl.train","msg":"step_after","episode":1,"step":32,"actions":{},"reward":{"Drone1":0.9151113909786,"Drone2":1.3892805543193754,"Drone3":100.01735066419427},"info":{}}
{"ts":"2026-01-27T22:19:30","level":"INFO","name":"rl.train","msg":"[INTERFERENCE]","episode":1,"step":33,"strength":-47.74408821995034,"kind":"power","unit":"dB","agent":"Drone1","raw_strength":1.681090725469403e-05,"raw_unit":"power"}
{"ts":"2026-01-27T22:19:30","level":"INFO","name":"rl.train","msg":"[INTERFERENCE]","episode":1,"step":33,"strength":-48.83404425688235,"kind":"power","unit":"dB","agent":"Drone2","raw_strength":1.307963248109445e-05,"raw_unit":"power"}
{"ts":"2026-01-27T22:19:31","level":"INFO","name":"rl.train","msg":"[INTERFERENCE]","episode":1,"step":33,"strength":-47.7559374082248,"kind":"power","unit":"dB","agent":"Drone3","raw_strength":1.676510328252334e-05,"raw_unit":"power"}
{"ts":"2026-01-27T22:19:31","level":"INFO","name":"rl.train","msg":"step_after","episode":1,"step":33,"actions":{},"reward":{"Drone1":0.6556920301848004,"Drone2":0.8566750359589059,"Drone3":99.99097491527321},"info":{}}
{"ts":"2026-01-27T22:19:31","level":"INFO","name":"rl.train","msg":"[INTERFERENCE]","episode":1,"step":34,"strength":-48.33769081439619,"kind":"power","unit":"dB","agent":"Drone1","raw_strength":1.4663271940662526e-05,"raw_unit":"power"}
{"ts":"2026-01-27T22:19:32","level":"INFO","name":"rl.train","msg":"[INTERFERENCE]","episode":1,"step":34,"strength":-49.35669508039809,"kind":"power","unit":"dB","agent":"Drone2","raw_strength":1.1596594049478881e-05,"raw_unit":"power"}
{"ts":"2026-01-27T22:19:32","level":"INFO","name":"rl.train","msg":"[INTERFERENCE]","episode":1,"step":34,"strength":-48.27795662398031,"kind":"power","unit":"dB","agent":"Drone3","raw_strength":1.4866348465147894e-05,"raw_unit":"power"}
{"ts":"2026-01-27T22:19:32","level":"INFO","name":"rl.train","msg":"step_after","episode":1,"step":34,"actions":{},"reward":{"Drone1":0.7064142725205238,"Drone2":0.915507230801486,"Drone3":100.08572027874173},"info":{}}
{"ts":"2026-01-27T22:19:33","level":"INFO","name":"rl.train","msg":"[INTERFERENCE]","episode":1,"step":35,"strength":-48.94396674674657,"kind":"power","unit":"dB","agent":"Drone1","raw_strength":1.2752733709930908e-05,"raw_unit":"power"}
{"ts":"2026-01-27T22:19:33","level":"INFO","name":"rl.train","msg":"[INTERFERENCE]","episode":1,"step":35,"strength":-49.89250974960406,"kind":"power","unit":"dB","agent":"Drone2","raw_strength":1.0250592822558247e-05,"raw_unit":"power"}
{"ts":"2026-01-27T22:19:34","level":"INFO","name":"rl.train","msg":"[INTERFERENCE]","episode":1,"step":35,"strength":-48.83004506690178,"kind":"power","unit":"dB","agent":"Drone3","raw_strength":1.309168237639824e-05,"raw_unit":"power"}
{"ts":"2026-01-27T22:19:34","level":"INFO","name":"rl.train","msg":"step_after","episode":1,"step":35,"actions":{},"reward":{"Drone1":0.748895219702481,"Drone2":0.9882349879619505,"Drone3":99.9456371974354},"info":{}}
{"ts":"2026-01-27T22:19:34","level":"INFO","name":"rl.train","msg":"[INTERFERENCE]","episode":1,"step":36,"strength":-49.54754601355991,"kind":"power","unit":"dB","agent":"Drone1","raw_strength":1.1098016329924576e-05,"raw_unit":"power"}
{"ts":"2026-01-27T22:19:35","level":"INFO","name":"rl.train","msg":"[INTERFERENCE]","episode":1,"step":36,"strength":-50.41998615926136,"kind":"power","unit":"dB","agent":"Drone2","raw_strength":9.078233233594801e-06,"raw_unit":"power"}
{"ts":"2026-01-27T22:19:35","level":"INFO","name":"rl.train","msg":"[INTERFERENCE]","episode":1,"step":36,"strength":-49.23922593392192,"kind":"power","unit":"dB","agent":"Drone3","raw_strength":1.1914542483282275e-05,"raw_unit":"power"}
{"ts":"2026-01-27T22:19:35","level":"INFO","name":"rl.train","msg":"step_after","episode":1,"step":36,"actions":{},"reward":{"Drone1":0.7618078436309952,"Drone2":101.00443158663869,"Drone3":100.06720741948924},"info":{}}
{"ts":"2026-01-27T22:19:36","level":"INFO","name":"rl.train","msg":"[INTERFERENCE]","episode":1,"step":37,"strength":-49.45764151166987,"kind":"power","unit":"dB","agent":"Drone1","raw_strength":1.1330153938615695e-05,"raw_unit":"power"}
{"ts":"2026-01-27T22:19:36","level":"INFO","name":"rl.train","msg":"[INTERFERENCE]","episode":1,"step":37,"strength":-49.960137268976084,"kind":"power","unit":"dB","agent":"Drone2","raw_strength":1.0092208867718e-05,"raw_unit":"power"}
{"ts":"2026-01-27T22:19:36","level":"INFO","name":"rl.train","msg":"[INTERFERENCE]","episode":1,"step":37,"strength":-48.38714013388115,"kind":"power","unit":"dB","agent":"Drone3","raw_strength":1.4497260963253211e-05,"raw_unit":"power"}
{"ts":"2026-01-27T22:19:36","level":"INFO","name":"rl.train","msg":"step_after","episode":1,"step":37,"actions":{},"reward":{"Drone1":0.7881951806414145,"Drone2":100.28322718622779,"Drone3":99.97832535077099},"info":{}}
{"ts":"2026-01-27T22:19:37","level":"INFO","name":"rl.train","msg":"[INTERFERENCE]","episode":1,"step":38,"strength":-48.607802823444004,"kind":"power","unit":"dB","agent":"Drone1","raw_strength":1.3779063010588288e-05,"raw_unit":"power"}
{"ts":"2026-01-27T22:19:38","level":"INFO","name":"rl.train","msg":"[INTERFERENCE]","episode":1,"step":38,"strength":-49.05280650348112,"kind":"power","unit":"dB","agent":"Drone2","raw_strength":1.2437105397111736e-05,"raw_unit":"power"}
{"ts":"2026-01-27T22:19:38","level":"INFO","name":"rl.train","msg":"[INTERFERENCE]","episode":1,"step":38,"strength":-47.32056531240644,"kind":"power","unit":"dB","agent":"Drone3","raw_strength":1.853290268627461e-05,"raw_unit":"power"}
{"ts":"2026-01-27T22:19:38","level":"INFO","name":"rl.train","msg":"step_after","episode":1,"step":38,"actions":{},"reward":{"Drone1":0.8223381193185924,"Drone2":100.13884697914112,"Drone3":100.03024651853706},"info":{}}
{"ts":"2026-01-27T22:19:39","level":"INFO","name":"rl.train","msg":"[INTERFERENCE]","episode":1,"step":39,"strength":-47.9915963914349,"kind":"power","unit":"dB","agent":"Drone1","raw_strength":1.5879628335824236e-05,"raw_unit":"power"}
{"ts":"2026-01-27T22:19:39","level":"INFO","name":"rl.train","msg":"[INTERFERENCE]","episode":1,"step":39,"strength":-48.481143415384594,"kind":"power","unit":"dB","agent":"Drone2","raw_strength":1.4186838598106988e-05,"raw_unit":"power"}
{"ts":"2026-01-27T22:19:39","level":"INFO","name":"rl.train","msg":"[INTERFERENCE]","episode":1,"step":39,"strength":-46.84060789064358,"kind":"power","unit":"dB","agent":"Drone3","raw_strength":2.0698515072581358e-05,"raw_unit":"power"}
{"ts":"2026-01-27T22:19:39","level":"INFO","name":"rl.train","msg":"step_after","episode":1,"step":39,"actions":{},"reward":{"Drone1":100.85966960382596,"Drone2":99.56199872983528,"Drone3":99.77496473242466},"info":{}}
{"ts":"2026-01-27T22:19:39","level":"INFO","name":"rl.train","msg":"episode_end","episode":1,"reward_sum":2390.697856728718}
{"ts":"2026-01-27T22:26:59","level":"INFO","name":"rl.train","msg":"episode_start","episode":1}
{"ts":"2026-01-27T22:27:08","level":"INFO","name":"rl.train","msg":"[INTERFERENCE]","episode":1,"step":1,"strength":-42.621419555381536,"kind":"power","unit":"dB","agent":"Drone1","raw_strength":5.468371819006279e-05,"raw_unit":"power"}
{"ts":"2026-01-27T22:27:08","level":"INFO","name":"rl.train","msg":"[INTERFERENCE]","episode":1,"step":1,"strength":-42.31929083900649,"kind":"power","unit":"dB","agent":"Drone2","raw_strength":5.8623387303669006e-05,"raw_unit":"power"}
{"ts":"2026-01-27T22:27:08","level":"INFO","name":"rl.train","msg":"[INTERFERENCE]","episode":1,"step":1,"strength":-43.172667333370676,"kind":"power","unit":"dB","agent":"Drone3","raw_strength":4.816518776351586e-05,"raw_unit":"power"}
{"ts":"2026-01-27T22:27:08","level":"INFO","name":"rl.train","msg":"step_after","episode":1,"step":1,"actions":{},"reward":{"Drone1":-0.010027341859095032,"Drone2":-0.010029311693651835,"Drone3":-0.010024082593881758},"info":{}}
{"ts":"2026-01-27T22:27:08","level":"INFO","name":"rl.train","msg":"[INTERFERENCE]","episode":1,"step":2,"strength":-42.33918406474921,"kind":"power","unit":"dB","agent":"Drone1","raw_strength":5.8355471992399544e-05,"raw_unit":"power"}
{"ts":"2026-01-27T22:27:08","level":"INFO","name":"rl.train","msg":"[INTERFERENCE]","episode":1,"step":2,"strength":-41.928819982171376,"kind":"power","unit":"dB","agent":"Drone2","raw_strength":6.413838127627969e-05,"raw_unit":"power"}
{"ts":"2026-01-27T22:27:08","level":"INFO","name":"rl.train","msg":"[INTERFERENCE]","episode":1,"step":2,"strength":-42.738368766334254,"kind":"power","unit":"dB","agent":"Drone3","raw_strength":5.323081495589577e-05,"raw_unit":"power"}
{"ts":"2026-01-27T22:27:08","level":"INFO","name":"rl.train","msg":"step_after","episode":1,"step":2,"actions":{},"reward":{"Drone1":0.7691799592268944,"Drone2":0.6650510912097525,"Drone3":0.5613616292214283},"info":{}}
{"ts":"2026-01-27T22:27:09","level":"INFO","name":"rl.train","msg":"[INTERFERENCE]","episode":1,"step":3,"strength":-42.12602403979883,"kind":"power","unit":"dB","agent":"Drone1","raw_strength":6.129112443886697e-05,"raw_unit":"power"}
{"ts":"2026-01-27T22:27:09","level":"INFO","name":"rl.train","msg":"[INTERFERENCE]","episode":1,"step":3,"strength":-41.62041801501271,"kind":"power","unit":"dB","agent":"Drone2","raw_strength":6.885860057082027e-05,"raw_unit":"power"}
{"ts":"2026-01-27T22:27:09","level":"INFO","name":"rl.train","msg":"[INTERFERENCE]","episode":1,"step":3,"strength":-42.32792019661146,"kind":"power","unit":"dB","agent":"Drone3","raw_strength":5.850701927556656e-05,"raw_unit":"power"}
{"ts":"2026-01-27T22:27:09","level":"INFO","name":"rl.train","msg":"step_after","episode":1,"step":3,"actions":{},"reward":{"Drone1":0.9074994142522337,"Drone2":0.8799306280727615,"Drone3":0.837710919830206},"info":{}}
{"ts":"2026-01-27T22:27:10","level":"INFO","name":"rl.train","msg":"[INTERFERENCE]","episode":1,"step":4,"strength":-41.98893843457229,"kind":"power","unit":"dB","agent":"Drone1","raw_strength":6.325664435280487e-05,"raw_unit":"power"}
{"ts":"2026-01-27T22:27:10","level":"INFO","name":"rl.train","msg":"[INTERFERENCE]","episode":1,"step":4,"strength":-41.41503607570135,"kind":"power","unit":"dB","agent":"Drone2","raw_strength":7.219321560114622e-05,"raw_unit":"power"}
{"ts":"2026-01-27T22:27:10","level":"INFO","name":"rl.train","msg":"[INTERFERENCE]","episode":1,"step":4,"strength":-41.96956269011059,"kind":"power","unit":"dB","agent":"Drone3","raw_strength":6.353948992909864e-05,"raw_unit":"power"}
{"ts":"2026-01-27T22:27:10","level":"INFO","name":"rl.train","msg":"step_after","episode":1,"step":4,"actions":{},"reward":{"Drone1":0.9382334473614173,"Drone2":0.9790767573961057,"Drone3":0.9626569051817933},"info":{}}
{"ts":"2026-01-27T22:27:10","level":"INFO","name":"rl.train","msg":"[INTERFERENCE]","episode":1,"step":5,"strength":-41.9346595873166,"kind":"power","unit":"dB","agent":"Drone1","raw_strength":6.405219755833969e-05,"raw_unit":"power"}
{"ts":"2026-01-27T22:27:10","level":"INFO","name":"rl.train","msg":"[INTERFERENCE]","episode":1,"step":5,"strength":-41.32770824024301,"kind":"power","unit":"dB","agent":"Drone2","raw_strength":7.365956844296306e-05,"raw_unit":"power"}
{"ts":"2026-01-27T22:27:11","level":"INFO","name":"rl.train","msg":"[INTERFERENCE]","episode":1,"step":5,"strength":-41.68502677641101,"kind":"power","unit":"dB","agent":"Drone3","raw_strength":6.784179277019575e-05,"raw_unit":"power"}
{"ts":"2026-01-27T22:27:11","level":"INFO","name":"rl.train","msg":"step_after","episode":1,"step":5,"actions":{},"reward":{"Drone1":0.9443861562742677,"Drone2":1.0627056323739816,"Drone3":1.0466086114522477},"info":{}}
{"ts":"2026-01-27T22:27:11","level":"INFO","name":"rl.train","msg":"[INTERFERENCE]","episode":1,"step":6,"strength":-41.96648590351369,"kind":"power","unit":"dB","agent":"Drone1","raw_strength":6.358452083077282e-05,"raw_unit":"power"}
{"ts":"2026-01-27T22:27:11","level":"INFO","name":"rl.train","msg":"[INTERFERENCE]","episode":1,"step":6,"strength":-41.362334413172455,"kind":"power","unit":"dB","agent":"Drone2","raw_strength":7.307461783057079e-05,"raw_unit":"power"}
{"ts":"2026-01-27T22:27:11","level":"INFO","name":"rl.train","msg":"[INTERFERENCE]","episode":1,"step":6,"strength":-41.49686893561264,"kind":"power","unit":"dB","agent":"Drone3","raw_strength":7.084563549142331e-05,"raw_unit":"power"}
{"ts":"2026-01-27T22:27:11","level":"INFO","name":"rl.train","msg":"step_after","episode":1,"step":6,"actions":{},"reward":{"Drone1":0.9363869699466159,"Drone2":1.0871104506061238,"Drone3":1.09049329422327},"info":{}}
{"ts":"2026-01-27T22:27:12","level":"INFO","name":"rl.train","msg":"[INTERFERENCE]","episode":1,"step":7,"strength":-42.062563442559366,"kind":"power","unit":"dB","agent":"Drone1","raw_strength":6.219330680323765e-05,"raw_unit":"power"}
{"ts":"2026-01-27T22:27:12","level":"INFO","name":"rl.train","msg":"[INTERFERENCE]","episode":1,"step":7,"strength":-41.491860708596434,"kind":"power","unit":"dB","agent":"Drone2","raw_strength":7.092738087521866e-05,"raw_unit":"power"}
{"ts":"2026-01-27T22:27:12","level":"INFO","name":"rl.train","msg":"[INTERFERENCE]","episode":1,"step":7,"strength":-41.41794864280538,"kind":"power","unit":"dB","agent":"Drone3","raw_strength":7.214481593109667e-05,"raw_unit":"power"}
{"ts":"2026-01-27T22:27:12","level":"INFO","name":"rl.train","msg":"step_after","episode":1,"step":7,"actions":{},"reward":{"Drone1":0.9344059303241374,"Drone2":1.0380011116269452,"Drone3":1.0652279046428157},"info":{}}
{"ts":"2026-01-27T22:27:13","level":"INFO","name":"rl.train","msg":"[INTERFERENCE]","episode":1,"step":8,"strength":-42.244674011602626,"kind":"power","unit":"dB","agent":"Drone1","raw_strength":5.9639307437464595e-05,"raw_unit":"power"}
{"ts":"2026-01-27T22:27:13","level":"INFO","name":"rl.train","msg":"[INTERFERENCE]","episode":1,"step":8,"strength":-41.73345187227334,"kind":"power","unit":"dB","agent":"Drone2","raw_strength":6.708953878842294e-05,"raw_unit":"power"}
{"ts":"2026-01-27T22:27:13","level":"INFO","name":"rl.train","msg":"[INTERFERENCE]","episode":1,"step":8,"strength":-41.45031194381591,"kind":"power","unit":"dB","agent":"Drone3","raw_strength":7.160919631132856e-05,"raw_unit":"power"}
{"ts":"2026-01-27T22:27:13","level":"INFO","name":"rl.train","msg":"step_after","episode":1,"step":8,"actions":{},"reward":{"Drone1":0.931878063036711,"Drone2":1.0163698823546292,"Drone3":1.040824600370106},"info":{}}
{"ts":"2026-01-27T22:27:13","level":"INFO","name":"rl.train","msg":"[INTERFERENCE]","episode":1,"step":9,"strength":-42.49396001397085,"kind":"power","unit":"dB","agent":"Drone1","raw_strength":5.631239400827326e-05,"raw_unit":"power"}
{"ts":"2026-01-27T22:27:13","level":"INFO","name":"rl.train","msg":"[INTERFERENCE]","episode":1,"step":9,"strength":-42.06679576572487,"kind":"power","unit":"dB","agent":"Drone2","raw_strength":6.213272718014196e-05,"raw_unit":"power"}
{"ts":"2026-01-27T22:27:13","level":"INFO","name":"rl.train","msg":"[INTERFERENCE]","episode":1,"step":9,"strength":-41.600682123264185,"kind":"power","unit":"dB","agent":"Drone3","raw_strength":6.917223072377965e-05,"raw_unit":"power"}
{"ts":"2026-01-27T22:27:13","level":"INFO","name":"rl.train","msg":"step_after","episode":1,"step":9,"actions":{},"reward":{"Drone1":0.9326636467815115,"Drone2":1.0032517095153162,"Drone3":1.0270318735403998},"info":{}}
{"ts":"2026-01-27T22:27:14","level":"INFO","name":"rl.train","msg":"[INTERFERENCE]","episode":1,"step":10,"strength":-42.80661146458407,"kind":"power","unit":"dB","agent":"Drone1","raw_strength":5.240091195446439e-05,"raw_unit":"power"}
{"ts":"2026-01-27T22:27:14","level":"INFO","name":"rl.train","msg":"[INTERFERENCE]","episode":1,"step":10,"strength":-42.4759771581912,"kind":"power","unit":"dB","agent":"Drone2","raw_strength":5.654605047311634e-05,"raw_unit":"power"}
{"ts":"2026-01-27T22:27:14","level":"INFO","name":"rl.train","msg":"[INTERFERENCE]","episode":1,"step":10,"strength":-41.85780884550317,"kind":"power","unit":"dB","agent":"Drone3","raw_strength":6.519572343677282e-05,"raw_unit":"power"}
{"ts":"2026-01-27T22:27:14","level":"INFO","name":"rl.train","msg":"step_after","episode":1,"step":10,"actions":{},"reward":{"Drone1":0.9335982960039837,"Drone2":1.0043626724093337,"Drone3":1.0286322199483402},"info":{}}
{"ts":"2026-01-27T22:27:14","level":"INFO","name":"rl.train","msg":"[INTERFERENCE]","episode":1,"step":11,"strength":-43.160529552960455,"kind":"power","unit":"dB","agent":"Drone1","raw_strength":4.8299989430233836e-05,"raw_unit":"power"}
{"ts":"2026-01-27T22:27:14","level":"INFO","name":"rl.train","msg":"[INTERFERENCE]","episode":1,"step":11,"strength":-42.93461953324819,"kind":"power","unit":"dB","agent":"Drone2","raw_strength":5.087893805466592e-05,"raw_unit":"power"}
{"ts":"2026-01-27T22:27:14","level":"INFO","name":"rl.train","msg":"[INTERFERENCE]","episode":1,"step":11,"strength":-42.200480785469125,"kind":"power","unit":"dB","agent":"Drone3","raw_strength":6.024928734404966e-05,"raw_unit":"power"}
{"ts":"2026-01-27T22:27:14","level":"INFO","name":"rl.train","msg":"step_after","episode":1,"step":11,"actions":{},"reward":{"Drone1":0.9318951767875114,"Drone2":0.9986148498376133,"Drone3":1.0218225975242967},"info":{}}
{"ts":"2026-01-27T22:27:15","level":"INFO","name":"rl.train","msg":"[INTERFERENCE]","episode":1,"step":12,"strength":-43.54497461102589,"kind":"power","unit":"dB","agent":"Drone1","raw_strength":4.4208169128978625e-05,"raw_unit":"power"}
{"ts":"2026-01-27T22:27:15","level":"INFO","name":"rl.train","msg":"[INTERFERENCE]","episode":1,"step":12,"strength":-43.42167556679839,"kind":"power","unit":"dB","agent":"Drone2","raw_strength":4.548125434666872e-05,"raw_unit":"power"}
{"ts":"2026-01-27T22:27:15","level":"INFO","name":"rl.train","msg":"[INTERFERENCE]","episode":1,"step":12,"strength":-42.60443450093041,"kind":"power","unit":"dB","agent":"Drone3","raw_strength":5.489800241775811e-05,"raw_unit":"power"}
{"ts":"2026-01-27T22:27:15","level":"INFO","name":"rl.train","msg":"step_after","episode":1,"step":12,"actions":{},"reward":{"Drone1":0.933077871501373,"Drone2":0.988956827854272,"Drone3":1.0134806228982052},"info":{}}
{"ts":"2026-01-27T22:27:16","level":"INFO","name":"rl.train","msg":"[INTERFERENCE]","episode":1,"step":13,"strength":-42.60443450093041,"kind":"power","unit":"dB","agent":"Drone1","raw_strength":5.489800241775811e-05,"raw_unit":"power"}
{"ts":"2026-01-27T22:27:16","level":"INFO","name":"rl.train","msg":"[INTERFERENCE]","episode":1,"step":13,"strength":-44.34696649261558,"kind":"power","unit":"dB","agent":"Drone2","raw_strength":3.675389234558679e-05,"raw_unit":"power"}
{"ts":"2026-01-27T22:27:16","level":"INFO","name":"rl.train","msg":"[INTERFERENCE]","episode":1,"step":13,"strength":-43.45364019646265,"kind":"power","unit":"dB","agent":"Drone3","raw_strength":4.514773536357097e-05,"raw_unit":"power"}
{"ts":"2026-01-27T22:27:16","level":"INFO","name":"rl.train","msg":"step_after","episode":1,"step":13,"actions":{},"reward":{"Drone1":0.9322104050026974,"Drone2":1.7173661903145694,"Drone3":1.8840242095795838},"info":{}}
{"ts":"2026-01-27T22:27:17","level":"INFO","name":"rl.train","msg":"[INTERFERENCE]","episode":1,"step":14,"strength":-44.73066924845892,"kind":"power","unit":"dB","agent":"Drone1","raw_strength":3.364597068866715e-05,"raw_unit":"power"}
{"ts":"2026-01-27T22:27:17","level":"INFO","name":"rl.train","msg":"[INTERFERENCE]","episode":1,"step":14,"strength":-44.844488214873266,"kind":"power","unit":"dB","agent":"Drone2","raw_strength":3.277563882875256e-05,"raw_unit":"power"}
{"ts":"2026-01-27T22:27:17","level":"INFO","name":"rl.train","msg":"[INTERFERENCE]","episode":1,"step":14,"strength":-43.97304936802067,"kind":"power","unit":"dB","agent":"Drone3","raw_strength":4.005853406852111e-05,"raw_unit":"power"}
{"ts":"2026-01-27T22:27:17","level":"INFO","name":"rl.train","msg":"step_after","episode":1,"step":14,"actions":{},"reward":{"Drone1":0.85728893262989,"Drone2":0.4865179597147653,"Drone3":0.5337402704155829},"info":{}}
{"ts":"2026-01-27T22:27:17","level":"INFO","name":"rl.train","msg":"[INTERFERENCE]","episode":1,"step":15,"strength":-45.16728782467737,"kind":"power","unit":"dB","agent":"Drone1","raw_strength":3.042784555873368e-05,"raw_unit":"power"}
{"ts":"2026-01-27T22:27:17","level":"INFO","name":"rl.train","msg":"[INTERFERENCE]","episode":1,"step":15,"strength":-45.34652542475021,"kind":"power","unit":"dB","agent":"Drone2","raw_strength":2.919761936936993e-05,"raw_unit":"power"}
{"ts":"2026-01-27T22:27:17","level":"INFO","name":"rl.train","msg":"[INTERFERENCE]","episode":1,"step":15,"strength":-44.48493873449444,"kind":"power","unit":"dB","agent":"Drone3","raw_strength":3.560460027074441e-05,"raw_unit":"power"}
{"ts":"2026-01-27T22:27:17","level":"INFO","name":"rl.train","msg":"step_after","episode":1,"step":15,"actions":{},"reward":{"Drone1":0.7524760122735097,"Drone2":0.7681989021668778,"Drone3":0.7351852158883412},"info":{}}
{"ts":"2026-01-27T22:27:18","level":"INFO","name":"rl.train","msg":"[INTERFERENCE]","episode":1,"step":16,"strength":-45.60011555537858,"kind":"power","unit":"dB","agent":"Drone1","raw_strength":2.754155320872087e-05,"raw_unit":"power"}
{"ts":"2026-01-27T22:27:18","level":"INFO","name":"rl.train","msg":"[INTERFERENCE]","episode":1,"step":16,"strength":-45.84546205028729,"kind":"power","unit":"dB","agent":"Drone2","raw_strength":2.6028777938336134e-05,"raw_unit":"power"}
{"ts":"2026-01-27T22:27:18","level":"INFO","name":"rl.train","msg":"[INTERFERENCE]","episode":1,"step":16,"strength":-44.986963062012066,"kind":"power","unit":"dB","agent":"Drone3","raw_strength":3.171784555888735e-05,"raw_unit":"power"}
{"ts":"2026-01-27T22:27:18","level":"INFO","name":"rl.train","msg":"step_after","episode":1,"step":16,"actions":{},"reward":{"Drone1":0.8928926470700753,"Drone2":0.9271684583893511,"Drone3":0.9212447268621327},"info":{}}
{"ts":"2026-01-27T22:27:19","level":"INFO","name":"rl.train","msg":"[INTERFERENCE]","episode":1,"step":17,"strength":-46.02610916630631,"kind":"power","unit":"dB","agent":"Drone1","raw_strength":2.4968305297079496e-05,"raw_unit":"power"}
{"ts":"2026-01-27T22:27:19","level":"INFO","name":"rl.train","msg":"[INTERFERENCE]","episode":1,"step":17,"strength":-46.33249219809099,"kind":"power","unit":"dB","agent":"Drone2","raw_strength":2.326755566173233e-05,"raw_unit":"power"}
{"ts":"2026-01-27T22:27:19","level":"INFO","name":"rl.train","msg":"[INTERFERENCE]","episode":1,"step":17,"strength":-45.480655313494005,"kind":"power","unit":"dB","agent":"Drone3","raw_strength":2.8309646950219758e-05,"raw_unit":"power"}
{"ts":"2026-01-27T22:27:19","level":"INFO","name":"rl.train","msg":"step_after","episode":1,"step":17,"actions":{},"reward":{"Drone1":0.9257480138942265,"Drone2":0.9837971125600597,"Drone3":0.9959191299360464},"info":{}}
{"ts":"2026-01-27T22:27:19","level":"INFO","name":"rl.train","msg":"[INTERFERENCE]","episode":1,"step":18,"strength":-46.44680978960784,"kind":"power","unit":"dB","agent":"Drone1","raw_strength":2.26630836550612e-05,"raw_unit":"power"}
{"ts":"2026-01-27T22:27:19","level":"INFO","name":"rl.train","msg":"[INTERFERENCE]","episode":1,"step":18,"strength":-46.80666940151505,"kind":"power","unit":"dB","agent":"Drone2","raw_strength":2.0860899894614704e-05,"raw_unit":"power"}
{"ts":"2026-01-27T22:27:19","level":"INFO","name":"rl.train","msg":"[INTERFERENCE]","episode":1,"step":18,"strength":-45.9665551849593,"kind":"power","unit":"dB","agent":"Drone3","raw_strength":2.5313049263786525e-05,"raw_unit":"power"}
{"ts":"2026-01-27T22:27:19","level":"INFO","name":"rl.train","msg":"step_after","episode":1,"step":18,"actions":{},"reward":{"Drone1":0.9352840023204771,"Drone2":1.0018513706975136,"Drone3":1.0263862311096454},"info":{}}
{"ts":"2026-01-27T22:27:20","level":"INFO","name":"rl.train","msg":"[INTERFERENCE]","episode":1,"step":19,"strength":-46.8582346485615,"kind":"power","unit":"dB","agent":"Drone1","raw_strength":2.0614676031982526e-05,"raw_unit":"power"}
{"ts":"2026-01-27T22:27:20","level":"INFO","name":"rl.train","msg":"[INTERFERENCE]","episode":1,"step":19,"strength":-47.26775357152349,"kind":"power","unit":"dB","agent":"Drone2","raw_strength":1.8759645172394812e-05,"raw_unit":"power"}
{"ts":"2026-01-27T22:27:20","level":"INFO","name":"rl.train","msg":"[INTERFERENCE]","episode":1,"step":19,"strength":-46.44139109703738,"kind":"power","unit":"dB","agent":"Drone3","raw_strength":2.2691378035233356e-05,"raw_unit":"power"}
{"ts":"2026-01-27T22:27:20","level":"INFO","name":"rl.train","msg":"step_after","episode":1,"step":19,"actions":{},"reward":{"Drone1":0.9387144393660856,"Drone2":1.0063842816764372,"Drone3":1.0318630630329062},"info":{}}
{"ts":"2026-01-27T22:27:20","level":"INFO","name":"rl.train","msg":"[INTERFERENCE]","episode":1,"step":20,"strength":-47.25903956188169,"kind":"power","unit":"dB","agent":"Drone1","raw_strength":1.879732371889986e-05,"raw_unit":"power"}
{"ts":"2026-01-27T22:27:20","level":"INFO","name":"rl.train","msg":"[INTERFERENCE]","episode":1,"step":20,"strength":-47.711973605587936,"kind":"power","unit":"dB","agent":"Drone2","raw_strength":1.6935679013840854e-05,"raw_unit":"power"}
{"ts":"2026-01-27T22:27:20","level":"INFO","name":"rl.train","msg":"[INTERFERENCE]","episode":1,"step":20,"strength":-46.900697857620344,"kind":"power","unit":"dB","agent":"Drone3","raw_strength":2.0414097889442928e-05,"raw_unit":"power"}
{"ts":"2026-01-27T22:27:20","level":"INFO","name":"rl.train","msg":"step_after","episode":1,"step":20,"actions":{},"reward":{"Drone1":0.9372238014113827,"Drone2":1.0016740425364696,"Drone3":1.0287523623785455},"info":{}}
{"ts":"2026-01-27T22:27:21","level":"INFO","name":"rl.train","msg":"[INTERFERENCE]","episode":1,"step":21,"strength":-47.60962308513405,"kind":"power","unit":"dB","agent":"Drone1","raw_strength":1.733954377414193e-05,"raw_unit":"power"}
{"ts":"2026-01-27T22:27:21","level":"INFO","name":"rl.train","msg":"[INTERFERENCE]","episode":1,"step":21,"strength":-48.09477198254917,"kind":"power","unit":"dB","agent":"Drone2","raw_strength":1.5506821000599302e-05,"raw_unit":"power"}
{"ts":"2026-01-27T22:27:21","level":"INFO","name":"rl.train","msg":"[INTERFERENCE]","episode":1,"step":21,"strength":-47.2879718857111,"kind":"power","unit":"dB","agent":"Drone3","raw_strength":1.8672513760975562e-05,"raw_unit":"power"}
{"ts":"2026-01-27T22:27:21","level":"INFO","name":"rl.train","msg":"step_after","episode":1,"step":21,"actions":{},"reward":{"Drone1":0.9341613283970582,"Drone2":0.9954053020094216,"Drone3":1.0238434793711713},"info":{}}
{"ts":"2026-01-27T22:27:22","level":"INFO","name":"rl.train","msg":"[INTERFERENCE]","episode":1,"step":22,"strength":-47.68283172579818,"kind":"power","unit":"dB","agent":"Drone1","raw_strength":1.7049702364602126e-05,"raw_unit":"power"}
{"ts":"2026-01-27T22:27:22","level":"INFO","name":"rl.train","msg":"[INTERFERENCE]","episode":1,"step":22,"strength":-48.20555974460318,"kind":"power","unit":"dB","agent":"Drone2","raw_strength":1.5116247595869936e-05,"raw_unit":"power"}
{"ts":"2026-01-27T22:27:22","level":"INFO","name":"rl.train","msg":"[INTERFERENCE]","episode":1,"step":22,"strength":-47.364312949917945,"kind":"power","unit":"dB","agent":"Drone3","raw_strength":1.8347152945352718e-05,"raw_unit":"power"}
{"ts":"2026-01-27T22:27:22","level":"INFO","name":"rl.train","msg":"step_after","episode":1,"step":22,"actions":{},"reward":{"Drone1":0.9380162249046771,"Drone2":1.0180867335632138,"Drone3":101.03109848099506},"info":{}}
{"ts":"2026-01-27T22:27:22","level":"INFO","name":"rl.train","msg":"[INTERFERENCE]","episode":1,"step":23,"strength":-47.94199902973528,"kind":"power","unit":"dB","agent":"Drone1","raw_strength":1.6062016584328376e-05,"raw_unit":"power"}
{"ts":"2026-01-27T22:27:22","level":"INFO","name":"rl.train","msg":"[INTERFERENCE]","episode":1,"step":23,"strength":-48.47287667633351,"kind":"power","unit":"dB","agent":"Drone2","raw_strength":1.421386878064368e-05,"raw_unit":"power"}
{"ts":"2026-01-27T22:27:22","level":"INFO","name":"rl.train","msg":"[INTERFERENCE]","episode":1,"step":23,"strength":-47.59049574778971,"kind":"power","unit":"dB","agent":"Drone3","raw_strength":1.7416079572285526e-05,"raw_unit":"power"}
{"ts":"2026-01-27T22:27:22","level":"INFO","name":"rl.train","msg":"step_after","episode":1,"step":23,"actions":{},"reward":{"Drone1":0.9355772198462,"Drone2":0.9882505300895355,"Drone3":100.97997732420775},"info":{}}
{"ts":"2026-01-27T22:27:23","level":"INFO","name":"rl.train","msg":"[INTERFERENCE]","episode":1,"step":24,"strength":-48.20936254932421,"kind":"power","unit":"dB","agent":"Drone1","raw_strength":1.5103017176443245e-05,"raw_unit":"power"}
{"ts":"2026-01-27T22:27:23","level":"INFO","name":"rl.train","msg":"[INTERFERENCE]","episode":1,"step":24,"strength":-48.751401577900424,"kind":"power","unit":"dB","agent":"Drone2","raw_strength":1.333091040578438e-05,"raw_unit":"power"}
{"ts":"2026-01-27T22:27:23","level":"INFO","name":"rl.train","msg":"[INTERFERENCE]","episode":1,"step":24,"strength":-47.834272263281186,"kind":"power","unit":"dB","agent":"Drone3","raw_strength":1.6465417502331547e-05,"raw_unit":"power"}
{"ts":"2026-01-27T22:27:23","level":"INFO","name":"rl.train","msg":"step_after","episode":1,"step":24,"actions":{},"reward":{"Drone1":0.9352448670094782,"Drone2":1.0212261684071018,"Drone3":99.42224021065634},"info":{}}
{"ts":"2026-01-27T22:27:24","level":"INFO","name":"rl.train","msg":"[INTERFERENCE]","episode":1,"step":25,"strength":-48.53913149171084,"kind":"power","unit":"dB","agent":"Drone1","raw_strength":1.3998671420267783e-05,"raw_unit":"power"}
{"ts":"2026-01-27T22:27:24","level":"INFO","name":"rl.train","msg":"[INTERFERENCE]","episode":1,"step":25,"strength":-49.20021097713499,"kind":"power","unit":"dB","agent":"Drone2","raw_strength":1.2022059308947064e-05,"raw_unit":"power"}
{"ts":"2026-01-27T22:27:24","level":"INFO","name":"rl.train","msg":"[INTERFERENCE]","episode":1,"step":25,"strength":-48.386572369917324,"kind":"power","unit":"dB","agent":"Drone3","raw_strength":1.4499156350211706e-05,"raw_unit":"power"}
{"ts":"2026-01-27T22:27:24","level":"INFO","name":"rl.train","msg":"step_after","episode":1,"step":25,"actions":{},"reward":{"Drone1":0.9477442747731766,"Drone2":1.1467542047296229,"Drone3":100.4845328457511},"info":{}}
{"ts":"2026-01-27T22:27:25","level":"INFO","name":"rl.train","msg":"[INTERFERENCE]","episode":1,"step":26,"strength":-49.112634391262446,"kind":"power","unit":"dB","agent":"Drone1","raw_strength":1.2266948033357039e-05,"raw_unit":"power"}
{"ts":"2026-01-27T22:27:25","level":"INFO","name":"rl.train","msg":"[INTERFERENCE]","episode":1,"step":26,"strength":-49.75618203646175,"kind":"power","unit":"dB","agent":"Drone2","raw_strength":1.0577468856354244e-05,"raw_unit":"power"}
{"ts":"2026-01-27T22:27:26","level":"INFO","name":"rl.train","msg":"[INTERFERENCE]","episode":1,"step":26,"strength":-48.95265991861901,"kind":"power","unit":"dB","agent":"Drone3","raw_strength":1.2727232387987897e-05,"raw_unit":"power"}
{"ts":"2026-01-27T22:27:26","level":"INFO","name":"rl.train","msg":"step_after","episode":1,"step":26,"actions":{},"reward":{"Drone1":0.7817638479102607,"Drone2":1.1159235900497515,"Drone3":100.02467403270224},"info":{}}
{"ts":"2026-01-27T22:27:26","level":"INFO","name":"rl.train","msg":"[INTERFERENCE]","episode":1,"step":27,"strength":-49.699243373474324,"kind":"power","unit":"dB","agent":"Drone1","raw_strength":1.0717059012677055e-05,"raw_unit":"power"}
{"ts":"2026-01-27T22:27:27","level":"INFO","name":"rl.train","msg":"[INTERFERENCE]","episode":1,"step":27,"strength":-50.18191006555412,"kind":"power","unit":"dB","agent":"Drone2","raw_strength":9.5897867140593e-06,"raw_unit":"power"}
{"ts":"2026-01-27T22:27:27","level":"INFO","name":"rl.train","msg":"[INTERFERENCE]","episode":1,"step":27,"strength":-49.23212101979512,"kind":"power","unit":"dB","agent":"Drone3","raw_strength":1.1934050235140603e-05,"raw_unit":"power"}
{"ts":"2026-01-27T22:27:27","level":"INFO","name":"rl.train","msg":"step_after","episode":1,"step":27,"actions":{},"reward":{"Drone1":0.6371008121247905,"Drone2":0.8711282846354516,"Drone3":99.98274864136759},"info":{}}
{"ts":"2026-01-27T22:27:28","level":"INFO","name":"rl.train","msg":"[INTERFERENCE]","episode":1,"step":28,"strength":-49.45803686141013,"kind":"power","unit":"dB","agent":"Drone1","raw_strength":1.1329122571623884e-05,"raw_unit":"power"}
{"ts":"2026-01-27T22:27:28","level":"INFO","name":"rl.train","msg":"[INTERFERENCE]","episode":1,"step":28,"strength":-49.712767360656215,"kind":"power","unit":"dB","agent":"Drone2","raw_strength":1.06837378552882e-05,"raw_unit":"power"}
{"ts":"2026-01-27T22:27:28","level":"INFO","name":"rl.train","msg":"[INTERFERENCE]","episode":1,"step":28,"strength":-48.38371669489096,"kind":"power","unit":"dB","agent":"Drone3","raw_strength":1.4508693311654497e-05,"raw_unit":"power"}
{"ts":"2026-01-27T22:27:28","level":"INFO","name":"rl.train","msg":"step_after","episode":1,"step":28,"actions":{},"reward":{"Drone1":0.7103178980607845,"Drone2":0.9100061785168145,"Drone3":100.04252202107067},"info":{}}
{"ts":"2026-01-27T22:27:29","level":"INFO","name":"rl.train","msg":"[INTERFERENCE]","episode":1,"step":29,"strength":-48.550983757218845,"kind":"power","unit":"dB","agent":"Drone1","raw_strength":1.3960519936517812e-05,"raw_unit":"power"}
{"ts":"2026-01-27T22:27:30","level":"INFO","name":"rl.train","msg":"[INTERFERENCE]","episode":1,"step":29,"strength":-48.81042733511706,"kind":"power","unit":"dB","agent":"Drone2","raw_strength":1.315095323661808e-05,"raw_unit":"power"}
{"ts":"2026-01-27T22:27:30","level":"INFO","name":"rl.train","msg":"[INTERFERENCE]","episode":1,"step":29,"strength":-47.31388291788896,"kind":"power","unit":"dB","agent":"Drone3","raw_strength":1.856144081102684e-05,"raw_unit":"power"}
{"ts":"2026-01-27T22:27:30","level":"INFO","name":"rl.train","msg":"step_after","episode":1,"step":29,"actions":{},"reward":{"Drone1":0.7121924597424731,"Drone2":0.9562109423761649,"Drone3":99.72938481779987},"info":{}}
{"ts":"2026-01-27T22:27:31","level":"INFO","name":"rl.train","msg":"[INTERFERENCE]","episode":1,"step":30,"strength":-47.846206368618596,"kind":"power","unit":"dB","agent":"Drone1","raw_strength":1.642023380554747e-05,"raw_unit":"power"}
{"ts":"2026-01-27T22:27:31","level":"INFO","name":"rl.train","msg":"[INTERFERENCE]","episode":1,"step":30,"strength":-48.06130431584347,"kind":"power","unit":"dB","agent":"Drone2","raw_strength":1.5626781532773748e-05,"raw_unit":"power"}
{"ts":"2026-01-27T22:27:31","level":"INFO","name":"rl.train","msg":"[INTERFERENCE]","episode":1,"step":30,"strength":-46.50914084785867,"kind":"power","unit":"dB","agent":"Drone3","raw_strength":2.234014027635567e-05,"raw_unit":"power"}
{"ts":"2026-01-27T22:27:31","level":"INFO","name":"rl.train","msg":"step_after","episode":1,"step":30,"actions":{},"reward":{"Drone1":0.7171703634914957,"Drone2":0.9299822302493703,"Drone3":100.16144033892873},"info":{}}
{"ts":"2026-01-27T22:27:32","level":"INFO","name":"rl.train","msg":"[INTERFERENCE]","episode":1,"step":31,"strength":-47.48673621659803,"kind":"power","unit":"dB","agent":"Drone1","raw_strength":1.7837186533142813e-05,"raw_unit":"power"}
{"ts":"2026-01-27T22:27:32","level":"INFO","name":"rl.train","msg":"[INTERFERENCE]","episode":1,"step":31,"strength":-47.60209229202972,"kind":"power","unit":"dB","agent":"Drone2","raw_strength":1.7369637134834193e-05,"raw_unit":"power"}
{"ts":"2026-01-27T22:27:33","level":"INFO","name":"rl.train","msg":"[INTERFERENCE]","episode":1,"step":31,"strength":-46.153939456253674,"kind":"power","unit":"dB","agent":"Drone3","raw_strength":2.424409831291996e-05,"raw_unit":"power"}
{"ts":"2026-01-27T22:27:33","level":"INFO","name":"rl.train","msg":"step_after","episode":1,"step":31,"actions":{},"reward":{"Drone1":0.7263563997050733,"Drone2":0.966552384669958,"Drone3":99.99887770210283},"info":{}}
{"ts":"2026-01-27T22:27:33","level":"INFO","name":"rl.train","msg":"[INTERFERENCE]","episode":1,"step":32,"strength":-47.5675025265015,"kind":"power","unit":"dB","agent":"Drone1","raw_strength":1.7508531527710147e-05,"raw_unit":"power"}
{"ts":"2026-01-27T22:27:34","level":"INFO","name":"rl.train","msg":"[INTERFERENCE]","episode":1,"step":32,"strength":-47.526644656960535,"kind":"power","unit":"dB","agent":"Drone2","raw_strength":1.7674026821623556e-05,"raw_unit":"power"}
{"ts":"2026-01-27T22:27:34","level":"INFO","name":"rl.train","msg":"[INTERFERENCE]","episode":1,"step":32,"strength":-46.18222034381983,"kind":"power","unit":"dB","agent":"Drone3","raw_strength":2.4086735720629804e-05,"raw_unit":"power"}
{"ts":"2026-01-27T22:27:34","level":"INFO","name":"rl.train","msg":"step_after","episode":1,"step":32,"actions":{},"reward":{"Drone1":0.7355280499334549,"Drone2":0.977443193168474,"Drone3":100.1341295114646},"info":{}}
{"ts":"2026-01-27T22:27:34","level":"INFO","name":"rl.train","msg":"[INTERFERENCE]","episode":1,"step":33,"strength":-47.780227408440865,"kind":"power","unit":"dB","agent":"Drone1","raw_strength":1.6671598132234067e-05,"raw_unit":"power"}
{"ts":"2026-01-27T22:27:34","level":"INFO","name":"rl.train","msg":"[INTERFERENCE]","episode":1,"step":33,"strength":-47.615582680500225,"kind":"power","unit":"dB","agent":"Drone2","raw_strength":1.731576594465878e-05,"raw_unit":"power"}
{"ts":"2026-01-27T22:27:34","level":"INFO","name":"rl.train","msg":"[INTERFERENCE]","episode":1,"step":33,"strength":-46.40310104415327,"kind":"power","unit":"dB","agent":"Drone3","raw_strength":2.289232361363247e-05,"raw_unit":"power"}
{"ts":"2026-01-27T22:27:34","level":"INFO","name":"rl.train","msg":"step_after","episode":1,"step":33,"actions":{},"reward":{"Drone1":0.7835092537700257,"Drone2":0.7567659965054554,"Drone3":99.68634520800536},"info":{}}
{"ts":"2026-01-27T22:27:35","level":"INFO","name":"rl.train","msg":"[INTERFERENCE]","episode":1,"step":34,"strength":-48.11211115338625,"kind":"power","unit":"dB","agent":"Drone1","raw_strength":1.5445033568539657e-05,"raw_unit":"power"}
{"ts":"2026-01-27T22:27:35","level":"INFO","name":"rl.train","msg":"[INTERFERENCE]","episode":1,"step":34,"strength":-47.82076829499857,"kind":"power","unit":"dB","agent":"Drone2","raw_strength":1.6516694813617505e-05,"raw_unit":"power"}
{"ts":"2026-01-27T22:27:35","level":"INFO","name":"rl.train","msg":"[INTERFERENCE]","episode":1,"step":34,"strength":-46.71791899430882,"kind":"power","unit":"dB","agent":"Drone3","raw_strength":2.129158929164987e-05,"raw_unit":"power"}
{"ts":"2026-01-27T22:27:35","level":"INFO","name":"rl.train","msg":"step_after","episode":1,"step":34,"actions":{},"reward":{"Drone1":0.9112407134573368,"Drone2":0.9613970093680473,"Drone3":100.26522527534983},"info":{}}
{"ts":"2026-01-27T22:27:36","level":"INFO","name":"rl.train","msg":"[INTERFERENCE]","episode":1,"step":35,"strength":-48.498125887711964,"kind":"power","unit":"dB","agent":"Drone1","raw_strength":1.4131471289147157e-05,"raw_unit":"power"}
{"ts":"2026-01-27T22:27:36","level":"INFO","name":"rl.train","msg":"[INTERFERENCE]","episode":1,"step":35,"strength":-48.106870660421855,"kind":"power","unit":"dB","agent":"Drone2","raw_strength":1.546368184790481e-05,"raw_unit":"power"}
{"ts":"2026-01-27T22:27:36","level":"INFO","name":"rl.train","msg":"[INTERFERENCE]","episode":1,"step":35,"strength":-47.110305222485835,"kind":"power","unit":"dB","agent":"Drone3","raw_strength":1.945223266375251e-05,"raw_unit":"power"}
{"ts":"2026-01-27T22:27:36","level":"INFO","name":"rl.train","msg":"step_after","episode":1,"step":35,"actions":{},"reward":{"Drone1":0.9370725927726562,"Drone2":0.9849366021892274,"Drone3":99.60729647653373},"info":{}}
{"ts":"2026-01-27T22:27:36","level":"INFO","name":"rl.train","msg":"[INTERFERENCE]","episode":1,"step":36,"strength":-48.93995544772315,"kind":"power","unit":"dB","agent":"Drone1","raw_strength":1.276451803278178e-05,"raw_unit":"power"}
{"ts":"2026-01-27T22:27:36","level":"INFO","name":"rl.train","msg":"[INTERFERENCE]","episode":1,"step":36,"strength":-48.464678064766986,"kind":"power","unit":"dB","agent":"Drone2","raw_strength":1.4240727068681736e-05,"raw_unit":"power"}
{"ts":"2026-01-27T22:27:36","level":"INFO","name":"rl.train","msg":"[INTERFERENCE]","episode":1,"step":36,"strength":-47.61144766166084,"kind":"power","unit":"dB","agent":"Drone3","raw_strength":1.7332260540570132e-05,"raw_unit":"power"}
{"ts":"2026-01-27T22:27:36","level":"INFO","name":"rl.train","msg":"step_after","episode":1,"step":36,"actions":{},"reward":{"Drone1":0.9559622265971848,"Drone2":101.02139260650414,"Drone3":100.16182285228136},"info":{}}
{"ts":"2026-01-27T22:27:37","level":"INFO","name":"rl.train","msg":"[INTERFERENCE]","episode":1,"step":37,"strength":-49.413440840985984,"kind":"power","unit":"dB","agent":"Drone1","raw_strength":1.144605630543083e-05,"raw_unit":"power"}
{"ts":"2026-01-27T22:27:37","level":"INFO","name":"rl.train","msg":"[INTERFERENCE]","episode":1,"step":37,"strength":-48.87430737756489,"kind":"power","unit":"dB","agent":"Drone2","raw_strength":1.2958932529727463e-05,"raw_unit":"power"}
{"ts":"2026-01-27T22:27:37","level":"INFO","name":"rl.train","msg":"[INTERFERENCE]","episode":1,"step":37,"strength":-48.16921819170724,"kind":"power","unit":"dB","agent":"Drone3","raw_strength":1.5243270354403649e-05,"raw_unit":"power"}
{"ts":"2026-01-27T22:27:37","level":"INFO","name":"rl.train","msg":"step_after","episode":1,"step":37,"actions":{},"reward":{"Drone1":0.962269534082443,"Drone2":101.00061807826727,"Drone3":100.05981114328982},"info":{}}
{"ts":"2026-01-27T22:27:38","level":"INFO","name":"rl.train","msg":"[INTERFERENCE]","episode":1,"step":38,"strength":-49.906009248548756,"kind":"power","unit":"dB","agent":"Drone1","raw_strength":1.0218779607384931e-05,"raw_unit":"power"}
{"ts":"2026-01-27T22:27:38","level":"INFO","name":"rl.train","msg":"[INTERFERENCE]","episode":1,"step":38,"strength":-49.31506188325428,"kind":"power","unit":"dB","agent":"Drone2","raw_strength":1.1708298188750632e-05,"raw_unit":"power"}
{"ts":"2026-01-27T22:27:38","level":"INFO","name":"rl.train","msg":"[INTERFERENCE]","episode":1,"step":38,"strength":-48.71944194906394,"kind":"power","unit":"dB","agent":"Drone3","raw_strength":1.342937412118772e-05,"raw_unit":"power"}
{"ts":"2026-01-27T22:27:38","level":"INFO","name":"rl.train","msg":"step_after","episode":1,"step":38,"actions":{},"reward":{"Drone1":0.9612649749912998,"Drone2":99.75345820925689,"Drone3":99.92878444112806},"info":{}}
{"ts":"2026-01-27T22:27:39","level":"INFO","name":"rl.train","msg":"[INTERFERENCE]","episode":1,"step":39,"strength":-50.1366560745193,"kind":"power","unit":"dB","agent":"Drone1","raw_strength":9.690235856396612e-06,"raw_unit":"power"}
{"ts":"2026-01-27T22:27:39","level":"INFO","name":"rl.train","msg":"[INTERFERENCE]","episode":1,"step":39,"strength":-49.4980150780006,"kind":"power","unit":"dB","agent":"Drone2","raw_strength":1.1225312846363522e-05,"raw_unit":"power"}
{"ts":"2026-01-27T22:27:39","level":"INFO","name":"rl.train","msg":"[INTERFERENCE]","episode":1,"step":39,"strength":-48.931302776091705,"kind":"power","unit":"dB","agent":"Drone3","raw_strength":1.2789974789484404e-05,"raw_unit":"power"}
{"ts":"2026-01-27T22:27:39","level":"INFO","name":"rl.train","msg":"step_after","episode":1,"step":39,"actions":{},"reward":{"Drone1":0.9614572854286416,"Drone2":100.14321632237737,"Drone3":99.9737434714982},"info":{}}
{"ts":"2026-01-27T22:27:39","level":"INFO","name":"rl.train","msg":"[INTERFERENCE]","episode":1,"step":40,"strength":-49.94889536226279,"kind":"power","unit":"dB","agent":"Drone1","raw_strength":1.0118366844835691e-05,"raw_unit":"power"}
{"ts":"2026-01-27T22:27:39","level":"INFO","name":"rl.train","msg":"[INTERFERENCE]","episode":1,"step":40,"strength":-49.22612886217472,"kind":"power","unit":"dB","agent":"Drone2","raw_strength":1.1950527550652623e-05,"raw_unit":"power"}
{"ts":"2026-01-27T22:27:39","level":"INFO","name":"rl.train","msg":"[INTERFERENCE]","episode":1,"step":40,"strength":-48.69324214727164,"kind":"power","unit":"dB","agent":"Drone3","raw_strength":1.3510634744307026e-05,"raw_unit":"power"}
{"ts":"2026-01-27T22:27:39","level":"INFO","name":"rl.train","msg":"step_after","episode":1,"step":40,"actions":{},"reward":{"Drone1":100.9525161958329,"Drone2":99.97744429658108,"Drone3":99.94019752768166},"info":{}}
{"ts":"2026-01-27T22:27:39","level":"INFO","name":"rl.train","msg":"episode_end","episode":1,"reward_sum":2590.975679957199}
{"ts":"2026-01-27T22:28:58","level":"INFO","name":"rl.train","msg":"episode_start","episode":1}
{"ts":"2026-01-27T22:29:08","level":"INFO","name":"rl.train","msg":"[INTERFERENCE]","episode":1,"step":1,"strength":-48.52086586301265,"kind":"power","unit":"dB","agent":"Drone1","raw_strength":1.4057671251066495e-05,"raw_unit":"power"}
{"ts":"2026-01-27T22:29:08","level":"INFO","name":"rl.train","msg":"[INTERFERENCE]","episode":1,"step":1,"strength":-48.0586500958782,"kind":"power","unit":"dB","agent":"Drone2","raw_strength":1.563633486512117e-05,"raw_unit":"power"}
{"ts":"2026-01-27T22:29:08","level":"INFO","name":"rl.train","msg":"[INTERFERENCE]","episode":1,"step":1,"strength":-48.160765790522284,"kind":"power","unit":"dB","agent":"Drone3","raw_strength":1.5272966265911236e-05,"raw_unit":"power"}
{"ts":"2026-01-27T22:29:08","level":"INFO","name":"rl.train","msg":"step_after","episode":1,"step":1,"actions":{},"reward":{"Drone1":-0.010007028835625533,"Drone2":-0.01000781816743256,"Drone3":-0.010007636483132956},"info":{}}
{"ts":"2026-01-27T22:29:08","level":"INFO","name":"rl.train","msg":"[INTERFERENCE]","episode":1,"step":2,"strength":-48.073800214672026,"kind":"power","unit":"dB","agent":"Drone1","raw_strength":1.5581883417326026e-05,"raw_unit":"power"}
{"ts":"2026-01-27T22:29:08","level":"INFO","name":"rl.train","msg":"[INTERFERENCE]","episode":1,"step":2,"strength":-47.61830898446276,"kind":"power","unit":"dB","agent":"Drone2","raw_strength":1.7304899301961996e-05,"raw_unit":"power"}
{"ts":"2026-01-27T22:29:08","level":"INFO","name":"rl.train","msg":"[INTERFERENCE]","episode":1,"step":2,"strength":-47.734872079587625,"kind":"power","unit":"dB","agent":"Drone3","raw_strength":1.6846619473653845e-05,"raw_unit":"power"}
{"ts":"2026-01-27T22:29:08","level":"INFO","name":"rl.train","msg":"step_after","episode":1,"step":2,"actions":{},"reward":{"Drone1":0.7718830781989163,"Drone2":0.664582412003474,"Drone3":0.5599359584041304},"info":{}}
{"ts":"2026-01-27T22:29:09","level":"INFO","name":"rl.train","msg":"[INTERFERENCE]","episode":1,"step":3,"strength":-47.67788702166293,"kind":"power","unit":"dB","agent":"Drone1","raw_strength":1.706912553345319e-05,"raw_unit":"power"}
{"ts":"2026-01-27T22:29:09","level":"INFO","name":"rl.train","msg":"[INTERFERENCE]","episode":1,"step":3,"strength":-47.24463970492221,"kind":"power","unit":"dB","agent":"Drone2","raw_strength":1.885975325421896e-05,"raw_unit":"power"}
{"ts":"2026-01-27T22:29:09","level":"INFO","name":"rl.train","msg":"[INTERFERENCE]","episode":1,"step":3,"strength":-47.36130773628354,"kind":"power","unit":"dB","agent":"Drone3","raw_strength":1.8359853129368275e-05,"raw_unit":"power"}
{"ts":"2026-01-27T22:29:09","level":"INFO","name":"rl.train","msg":"step_after","episode":1,"step":3,"actions":{},"reward":{"Drone1":0.9141362103102801,"Drone2":0.8740962524964198,"Drone3":0.8355280057423806},"info":{}}
{"ts":"2026-01-27T22:29:10","level":"INFO","name":"rl.train","msg":"[INTERFERENCE]","episode":1,"step":4,"strength":-47.36550795158618,"kind":"power","unit":"dB","agent":"Drone1","raw_strength":1.834210524975788e-05,"raw_unit":"power"}
{"ts":"2026-01-27T22:29:10","level":"INFO","name":"rl.train","msg":"[INTERFERENCE]","episode":1,"step":4,"strength":-46.96172510945267,"kind":"power","unit":"dB","agent":"Drone2","raw_strength":2.0129244148847647e-05,"raw_unit":"power"}
{"ts":"2026-01-27T22:29:10","level":"INFO","name":"rl.train","msg":"[INTERFERENCE]","episode":1,"step":4,"strength":-47.06726108384088,"kind":"power","unit":"dB","agent":"Drone3","raw_strength":1.964598777703941e-05,"raw_unit":"power"}
{"ts":"2026-01-27T22:29:10","level":"INFO","name":"rl.train","msg":"step_after","episode":1,"step":4,"actions":{},"reward":{"Drone1":0.9416052088301876,"Drone2":0.9766117920673787,"Drone3":0.9590720556682208},"info":{}}
{"ts":"2026-01-27T22:29:10","level":"INFO","name":"rl.train","msg":"[INTERFERENCE]","episode":1,"step":5,"strength":-47.153413147086816,"kind":"power","unit":"dB","agent":"Drone1","raw_strength":1.9260105545981787e-05,"raw_unit":"power"}
{"ts":"2026-01-27T22:29:10","level":"INFO","name":"rl.train","msg":"[INTERFERENCE]","episode":1,"step":5,"strength":-46.785944868567135,"kind":"power","unit":"dB","agent":"Drone2","raw_strength":2.0960686015314423e-05,"raw_unit":"power"}
{"ts":"2026-01-27T22:29:10","level":"INFO","name":"rl.train","msg":"[INTERFERENCE]","episode":1,"step":5,"strength":-46.871905351008316,"kind":"power","unit":"dB","agent":"Drone3","raw_strength":2.054988726740703e-05,"raw_unit":"power"}
{"ts":"2026-01-27T22:29:10","level":"INFO","name":"rl.train","msg":"step_after","episode":1,"step":5,"actions":{},"reward":{"Drone1":0.9393273755624614,"Drone2":1.0617020135534767,"Drone3":1.0501303347975772},"info":{}}
{"ts":"2026-01-27T22:29:11","level":"INFO","name":"rl.train","msg":"[INTERFERENCE]","episode":1,"step":6,"strength":-47.06158705481451,"kind":"power","unit":"dB","agent":"Drone1","raw_strength":1.9671671907417476e-05,"raw_unit":"power"}
{"ts":"2026-01-27T22:29:11","level":"INFO","name":"rl.train","msg":"[INTERFERENCE]","episode":1,"step":6,"strength":-46.72872302159887,"kind":"power","unit":"dB","agent":"Drone2","raw_strength":2.1238687622826546e-05,"raw_unit":"power"}
{"ts":"2026-01-27T22:29:11","level":"INFO","name":"rl.train","msg":"[INTERFERENCE]","episode":1,"step":6,"strength":-46.79295833010706,"kind":"power","unit":"dB","agent":"Drone3","raw_strength":2.092686372634489e-05,"raw_unit":"power"}
{"ts":"2026-01-27T22:29:11","level":"INFO","name":"rl.train","msg":"step_after","episode":1,"step":6,"actions":{},"reward":{"Drone1":0.9334506286415853,"Drone2":1.0702200935468136,"Drone3":1.070269840523215},"info":{}}
{"ts":"2026-01-27T22:29:12","level":"INFO","name":"rl.train","msg":"[INTERFERENCE]","episode":1,"step":7,"strength":-47.09325525939856,"kind":"power","unit":"dB","agent":"Drone1","raw_strength":1.952875027200207e-05,"raw_unit":"power"}
{"ts":"2026-01-27T22:29:12","level":"INFO","name":"rl.train","msg":"[INTERFERENCE]","episode":1,"step":7,"strength":-46.78947017465941,"kind":"power","unit":"dB","agent":"Drone2","raw_strength":2.094367846439127e-05,"raw_unit":"power"}
{"ts":"2026-01-27T22:29:12","level":"INFO","name":"rl.train","msg":"[INTERFERENCE]","episode":1,"step":7,"strength":-46.834387111525004,"kind":"power","unit":"dB","agent":"Drone3","raw_strength":2.0728184608742595e-05,"raw_unit":"power"}
{"ts":"2026-01-27T22:29:12","level":"INFO","name":"rl.train","msg":"step_after","episode":1,"step":7,"actions":{},"reward":{"Drone1":0.9325580609422468,"Drone2":1.0427773089224865,"Drone3":1.0606397366157034},"info":{}}
{"ts":"2026-01-27T22:29:12","level":"INFO","name":"rl.train","msg":"[INTERFERENCE]","episode":1,"step":8,"strength":-47.247472184342385,"kind":"power","unit":"dB","agent":"Drone1","raw_strength":1.884745688585099e-05,"raw_unit":"power"}
{"ts":"2026-01-27T22:29:12","level":"INFO","name":"rl.train","msg":"[INTERFERENCE]","episode":1,"step":8,"strength":-46.96536113280689,"kind":"power","unit":"dB","agent":"Drone2","raw_strength":2.011239848798141e-05,"raw_unit":"power"}
{"ts":"2026-01-27T22:29:12","level":"INFO","name":"rl.train","msg":"[INTERFERENCE]","episode":1,"step":8,"strength":-46.994509608516246,"kind":"power","unit":"dB","agent":"Drone3","raw_strength":1.997786239371635e-05,"raw_unit":"power"}
{"ts":"2026-01-27T22:29:12","level":"INFO","name":"rl.train","msg":"step_after","episode":1,"step":8,"actions":{},"reward":{"Drone1":0.9354442200703852,"Drone2":1.0235039666279044,"Drone3":1.0466945322480024},"info":{}}
{"ts":"2026-01-27T22:29:13","level":"INFO","name":"rl.train","msg":"[INTERFERENCE]","episode":1,"step":9,"strength":-47.512426579316305,"kind":"power","unit":"dB","agent":"Drone1","raw_strength":1.7731983461999334e-05,"raw_unit":"power"}
{"ts":"2026-01-27T22:29:13","level":"INFO","name":"rl.train","msg":"[INTERFERENCE]","episode":1,"step":9,"strength":-47.24476411086319,"kind":"power","unit":"dB","agent":"Drone2","raw_strength":1.8859213014366105e-05,"raw_unit":"power"}
{"ts":"2026-01-27T22:29:13","level":"INFO","name":"rl.train","msg":"[INTERFERENCE]","episode":1,"step":9,"strength":-47.25991168970779,"kind":"power","unit":"dB","agent":"Drone3","raw_strength":1.8793549315887503e-05,"raw_unit":"power"}
{"ts":"2026-01-27T22:29:13","level":"INFO","name":"rl.train","msg":"step_after","episode":1,"step":9,"actions":{},"reward":{"Drone1":0.9373292382563159,"Drone2":1.0090869449052116,"Drone3":1.0343469493557131},"info":{}}
{"ts":"2026-01-27T22:29:14","level":"INFO","name":"rl.train","msg":"[INTERFERENCE]","episode":1,"step":10,"strength":-47.866776798160075,"kind":"power","unit":"dB","agent":"Drone1","raw_strength":1.6342642993549816e-05,"raw_unit":"power"}
{"ts":"2026-01-27T22:29:14","level":"INFO","name":"rl.train","msg":"[INTERFERENCE]","episode":1,"step":10,"strength":-47.606156952377006,"kind":"power","unit":"dB","agent":"Drone2","raw_strength":1.7353388102492318e-05,"raw_unit":"power"}
{"ts":"2026-01-27T22:29:14","level":"INFO","name":"rl.train","msg":"[INTERFERENCE]","episode":1,"step":10,"strength":-47.62000477444353,"kind":"power","unit":"dB","agent":"Drone3","raw_strength":1.7298143575317226e-05,"raw_unit":"power"}
{"ts":"2026-01-27T22:29:14","level":"INFO","name":"rl.train","msg":"step_after","episode":1,"step":10,"actions":{},"reward":{"Drone1":0.934878989933386,"Drone2":0.9993754785793862,"Drone3":1.0469466884526264},"info":{}}
{"ts":"2026-01-27T22:29:15","level":"INFO","name":"rl.train","msg":"[INTERFERENCE]","episode":1,"step":11,"strength":-48.309349051499694,"kind":"power","unit":"dB","agent":"Drone1","raw_strength":1.4759276382392272e-05,"raw_unit":"power"}
{"ts":"2026-01-27T22:29:15","level":"INFO","name":"rl.train","msg":"[INTERFERENCE]","episode":1,"step":11,"strength":-48.06193323777285,"kind":"power","unit":"dB","agent":"Drone2","raw_strength":1.5624518709955737e-05,"raw_unit":"power"}
{"ts":"2026-01-27T22:29:15","level":"INFO","name":"rl.train","msg":"[INTERFERENCE]","episode":1,"step":11,"strength":-48.071344063472125,"kind":"power","unit":"dB","agent":"Drone3","raw_strength":1.559069823997561e-05,"raw_unit":"power"}
{"ts":"2026-01-27T22:29:15","level":"INFO","name":"rl.train","msg":"step_after","episode":1,"step":11,"actions":{},"reward":{"Drone1":0.9397091883549729,"Drone2":1.0444164736293169,"Drone3":1.0800219211425792},"info":{}}
{"ts":"2026-01-27T22:29:15","level":"INFO","name":"rl.train","msg":"[INTERFERENCE]","episode":1,"step":12,"strength":-48.81714384037753,"kind":"power","unit":"dB","agent":"Drone1","raw_strength":1.3130630577506963e-05,"raw_unit":"power"}
{"ts":"2026-01-27T22:29:15","level":"INFO","name":"rl.train","msg":"[INTERFERENCE]","episode":1,"step":12,"strength":-48.55696595653992,"kind":"power","unit":"dB","agent":"Drone2","raw_strength":1.3941303222964052e-05,"raw_unit":"power"}
{"ts":"2026-01-27T22:29:15","level":"INFO","name":"rl.train","msg":"[INTERFERENCE]","episode":1,"step":12,"strength":-48.550687819890996,"kind":"power","unit":"dB","agent":"Drone3","raw_strength":1.3961471267975867e-05,"raw_unit":"power"}
{"ts":"2026-01-27T22:29:15","level":"INFO","name":"rl.train","msg":"step_after","episode":1,"step":12,"actions":{},"reward":{"Drone1":0.9304288442306097,"Drone2":0.991951876394287,"Drone3":1.00404064194503},"info":{}}
{"ts":"2026-01-27T22:29:16","level":"INFO","name":"rl.train","msg":"[INTERFERENCE]","episode":1,"step":13,"strength":-49.28788621920959,"kind":"power","unit":"dB","agent":"Drone1","raw_strength":1.1781791727116797e-05,"raw_unit":"power"}
{"ts":"2026-01-27T22:29:16","level":"INFO","name":"rl.train","msg":"[INTERFERENCE]","episode":1,"step":13,"strength":-49.02006172625658,"kind":"power","unit":"dB","agent":"Drone2","raw_strength":1.2531232641777024e-05,"raw_unit":"power"}
{"ts":"2026-01-27T22:29:16","level":"INFO","name":"rl.train","msg":"[INTERFERENCE]","episode":1,"step":13,"strength":-49.00777202136692,"kind":"power","unit":"dB","agent":"Drone3","raw_strength":1.2566743862407748e-05,"raw_unit":"power"}
{"ts":"2026-01-27T22:29:16","level":"INFO","name":"rl.train","msg":"step_after","episode":1,"step":13,"actions":{},"reward":{"Drone1":0.9147949819068708,"Drone2":0.9742447567225463,"Drone3":0.985815669447893},"info":{}}
{"ts":"2026-01-27T22:29:17","level":"INFO","name":"rl.train","msg":"[INTERFERENCE]","episode":1,"step":14,"strength":-49.545561561991285,"kind":"power","unit":"dB","agent":"Drone1","raw_strength":1.1103088581876364e-05,"raw_unit":"power"}
{"ts":"2026-01-27T22:29:17","level":"INFO","name":"rl.train","msg":"[INTERFERENCE]","episode":1,"step":14,"strength":-49.257639297256716,"kind":"power","unit":"dB","agent":"Drone2","raw_strength":1.1864133739436511e-05,"raw_unit":"power"}
{"ts":"2026-01-27T22:29:17","level":"INFO","name":"rl.train","msg":"[INTERFERENCE]","episode":1,"step":14,"strength":-49.21658304419735,"kind":"power","unit":"dB","agent":"Drone3","raw_strength":1.1976823770964984e-05,"raw_unit":"power"}
{"ts":"2026-01-27T22:29:17","level":"INFO","name":"rl.train","msg":"step_after","episode":1,"step":14,"actions":{},"reward":{"Drone1":0.9294265926207481,"Drone2":0.9823055455942631,"Drone3":1.0038022620153606},"info":{}}
{"ts":"2026-01-27T22:29:17","level":"INFO","name":"rl.train","msg":"[INTERFERENCE]","episode":1,"step":15,"strength":-49.35294320868518,"kind":"power","unit":"dB","agent":"Drone1","raw_strength":1.1606616681092419e-05,"raw_unit":"power"}
{"ts":"2026-01-27T22:29:17","level":"INFO","name":"rl.train","msg":"[INTERFERENCE]","episode":1,"step":15,"strength":-49.031358791109845,"kind":"power","unit":"dB","agent":"Drone2","raw_strength":1.2498678188421763e-05,"raw_unit":"power"}
{"ts":"2026-01-27T22:29:17","level":"INFO","name":"rl.train","msg":"[INTERFERENCE]","episode":1,"step":15,"strength":-48.95966517877838,"kind":"power","unit":"dB","agent":"Drone3","raw_strength":1.270671964448411e-05,"raw_unit":"power"}
{"ts":"2026-01-27T22:29:17","level":"INFO","name":"rl.train","msg":"step_after","episode":1,"step":15,"actions":{},"reward":{"Drone1":0.931852488317636,"Drone2":0.9941918250017261,"Drone3":1.0194946079438887},"info":{}}
{"ts":"2026-01-27T22:29:18","level":"INFO","name":"rl.train","msg":"[INTERFERENCE]","episode":1,"step":16,"strength":-49.089104772808724,"kind":"power","unit":"dB","agent":"Drone1","raw_strength":1.2333589438640047e-05,"raw_unit":"power"}
{"ts":"2026-01-27T22:29:18","level":"INFO","name":"rl.train","msg":"[INTERFERENCE]","episode":1,"step":16,"strength":-48.72974610806171,"kind":"power","unit":"dB","agent":"Drone2","raw_strength":1.3397549082583282e-05,"raw_unit":"power"}
{"ts":"2026-01-27T22:29:18","level":"INFO","name":"rl.train","msg":"[INTERFERENCE]","episode":1,"step":16,"strength":-48.63681446191244,"kind":"power","unit":"dB","agent":"Drone3","raw_strength":1.3687323189515155e-05,"raw_unit":"power"}
{"ts":"2026-01-27T22:29:18","level":"INFO","name":"rl.train","msg":"step_after","episode":1,"step":16,"actions":{},"reward":{"Drone1":0.93539407124239,"Drone2":1.0047313841112009,"Drone3":1.022191108608913},"info":{}}
{"ts":"2026-01-27T22:29:19","level":"INFO","name":"rl.train","msg":"[INTERFERENCE]","episode":1,"step":17,"strength":-48.82301579806637,"kind":"power","unit":"dB","agent":"Drone1","raw_strength":1.3112889064359479e-05,"raw_unit":"power"}
{"ts":"2026-01-27T22:29:19","level":"INFO","name":"rl.train","msg":"[INTERFERENCE]","episode":1,"step":17,"strength":-48.42247187367462,"kind":"power","unit":"dB","agent":"Drone2","raw_strength":1.4379797903529834e-05,"raw_unit":"power"}
{"ts":"2026-01-27T22:29:19","level":"INFO","name":"rl.train","msg":"[INTERFERENCE]","episode":1,"step":17,"strength":-48.311612908071666,"kind":"power","unit":"dB","agent":"Drone3","raw_strength":1.4751584785699379e-05,"raw_unit":"power"}
{"ts":"2026-01-27T22:29:19","level":"INFO","name":"rl.train","msg":"step_after","episode":1,"step":17,"actions":{},"reward":{"Drone1":0.9370359087654287,"Drone2":1.0086905487485092,"Drone3":1.037346368714443},"info":{}}
{"ts":"2026-01-27T22:29:20","level":"INFO","name":"rl.train","msg":"[INTERFERENCE]","episode":1,"step":18,"strength":-48.56392880271755,"kind":"power","unit":"dB","agent":"Drone1","raw_strength":1.3918969671067316e-05,"raw_unit":"power"}
{"ts":"2026-01-27T22:29:20","level":"INFO","name":"rl.train","msg":"[INTERFERENCE]","episode":1,"step":18,"strength":-48.11674299534043,"kind":"power","unit":"dB","agent":"Drone2","raw_strength":1.5428569895448163e-05,"raw_unit":"power"}
{"ts":"2026-01-27T22:29:20","level":"INFO","name":"rl.train","msg":"[INTERFERENCE]","episode":1,"step":18,"strength":-47.992466568108384,"kind":"power","unit":"dB","agent":"Drone3","raw_strength":1.5876446923357435e-05,"raw_unit":"power"}
{"ts":"2026-01-27T22:29:20","level":"INFO","name":"rl.train","msg":"step_after","episode":1,"step":18,"actions":{},"reward":{"Drone1":0.9367360519897738,"Drone2":0.9944325933322398,"Drone3":1.016234317941089},"info":{}}
{"ts":"2026-01-27T22:29:20","level":"INFO","name":"rl.train","msg":"[INTERFERENCE]","episode":1,"step":19,"strength":-48.305962564175275,"kind":"power","unit":"dB","agent":"Drone1","raw_strength":1.4770789675822016e-05,"raw_unit":"power"}
{"ts":"2026-01-27T22:29:20","level":"INFO","name":"rl.train","msg":"[INTERFERENCE]","episode":1,"step":19,"strength":-47.8075312458989,"kind":"power","unit":"dB","agent":"Drone2","raw_strength":1.656711356190499e-05,"raw_unit":"power"}
{"ts":"2026-01-27T22:29:20","level":"INFO","name":"rl.train","msg":"[INTERFERENCE]","episode":1,"step":19,"strength":-47.67427906184251,"kind":"power","unit":"dB","agent":"Drone3","raw_strength":1.7083311831811443e-05,"raw_unit":"power"}
{"ts":"2026-01-27T22:29:20","level":"INFO","name":"rl.train","msg":"step_after","episode":1,"step":19,"actions":{},"reward":{"Drone1":0.9339966734430527,"Drone2":1.0038142719852112,"Drone3":1.0259754976507247},"info":{}}
{"ts":"2026-01-27T22:29:21","level":"INFO","name":"rl.train","msg":"[INTERFERENCE]","episode":1,"step":20,"strength":-48.05627571155301,"kind":"power","unit":"dB","agent":"Drone1","raw_strength":1.564488593430724e-05,"raw_unit":"power"}
{"ts":"2026-01-27T22:29:21","level":"INFO","name":"rl.train","msg":"[INTERFERENCE]","episode":1,"step":20,"strength":-47.50037268357921,"kind":"power","unit":"dB","agent":"Drone2","raw_strength":1.7781267160899006e-05,"raw_unit":"power"}
{"ts":"2026-01-27T22:29:21","level":"INFO","name":"rl.train","msg":"[INTERFERENCE]","episode":1,"step":20,"strength":-47.36590248198873,"kind":"power","unit":"dB","agent":"Drone3","raw_strength":1.834043905546423e-05,"raw_unit":"power"}
{"ts":"2026-01-27T22:29:21","level":"INFO","name":"rl.train","msg":"step_after","episode":1,"step":20,"actions":{},"reward":{"Drone1":0.9371929527035172,"Drone2":0.9988412070226695,"Drone3":1.0236076110152135},"info":{}}
{"ts":"2026-01-27T22:29:22","level":"INFO","name":"rl.train","msg":"[INTERFERENCE]","episode":1,"step":21,"strength":-47.81329331923166,"kind":"power","unit":"dB","agent":"Drone1","raw_strength":1.654514744586777e-05,"raw_unit":"power"}
{"ts":"2026-01-27T22:29:22","level":"INFO","name":"rl.train","msg":"[INTERFERENCE]","episode":1,"step":21,"strength":-47.193370664001876,"kind":"power","unit":"dB","agent":"Drone2","raw_strength":1.908371450554114e-05,"raw_unit":"power"}
{"ts":"2026-01-27T22:29:22","level":"INFO","name":"rl.train","msg":"[INTERFERENCE]","episode":1,"step":21,"strength":-47.06360908434849,"kind":"power","unit":"dB","agent":"Drone3","raw_strength":1.9662515114760026e-05,"raw_unit":"power"}
{"ts":"2026-01-27T22:29:22","level":"INFO","name":"rl.train","msg":"step_after","episode":1,"step":21,"actions":{},"reward":{"Drone1":0.9360118537690505,"Drone2":1.0117189737677472,"Drone3":1.037764960459972},"info":{}}
{"ts":"2026-01-27T22:29:22","level":"INFO","name":"rl.train","msg":"[INTERFERENCE]","episode":1,"step":22,"strength":-47.62487940463022,"kind":"power","unit":"dB","agent":"Drone1","raw_strength":1.72787385963602e-05,"raw_unit":"power"}
{"ts":"2026-01-27T22:29:22","level":"INFO","name":"rl.train","msg":"[INTERFERENCE]","episode":1,"step":22,"strength":-46.947807524421286,"kind":"power","unit":"dB","agent":"Drone2","raw_strength":2.0193854652461596e-05,"raw_unit":"power"}
{"ts":"2026-01-27T22:29:22","level":"INFO","name":"rl.train","msg":"[INTERFERENCE]","episode":1,"step":22,"strength":-46.83080346520856,"kind":"power","unit":"dB","agent":"Drone3","raw_strength":2.074529584206175e-05,"raw_unit":"power"}
{"ts":"2026-01-27T22:29:22","level":"INFO","name":"rl.train","msg":"step_after","episode":1,"step":22,"actions":{},"reward":{"Drone1":0.9394866761824596,"Drone2":1.0096031690638847,"Drone3":101.02815662716897},"info":{}}
{"ts":"2026-01-27T22:29:23","level":"INFO","name":"rl.train","msg":"[INTERFERENCE]","episode":1,"step":23,"strength":-47.4911473470781,"kind":"power","unit":"dB","agent":"Drone1","raw_strength":1.7819078493630514e-05,"raw_unit":"power"}
{"ts":"2026-01-27T22:29:23","level":"INFO","name":"rl.train","msg":"[INTERFERENCE]","episode":1,"step":23,"strength":-46.76486266667287,"kind":"power","unit":"dB","agent":"Drone2","raw_strength":2.1062684027128853e-05,"raw_unit":"power"}
{"ts":"2026-01-27T22:29:23","level":"INFO","name":"rl.train","msg":"[INTERFERENCE]","episode":1,"step":23,"strength":-46.58905733034836,"kind":"power","unit":"dB","agent":"Drone3","raw_strength":2.1932808522251435e-05,"raw_unit":"power"}
{"ts":"2026-01-27T22:29:23","level":"INFO","name":"rl.train","msg":"step_after","episode":1,"step":23,"actions":{},"reward":{"Drone1":0.9347571350774524,"Drone2":1.0011751147151153,"Drone3":100.96992949272793},"info":{}}
{"ts":"2026-01-27T22:29:24","level":"INFO","name":"rl.train","msg":"[INTERFERENCE]","episode":1,"step":24,"strength":-46.999699117867706,"kind":"power","unit":"dB","agent":"Drone1","raw_strength":1.9954004528699443e-05,"raw_unit":"power"}
{"ts":"2026-01-27T22:29:24","level":"INFO","name":"rl.train","msg":"[INTERFERENCE]","episode":1,"step":24,"strength":-46.004652038458985,"kind":"power","unit":"dB","agent":"Drone2","raw_strength":2.5091971110668965e-05,"raw_unit":"power"}
{"ts":"2026-01-27T22:29:25","level":"INFO","name":"rl.train","msg":"[INTERFERENCE]","episode":1,"step":24,"strength":-45.44478038136768,"kind":"power","unit":"dB","agent":"Drone3","raw_strength":2.8544467568281107e-05,"raw_unit":"power"}
{"ts":"2026-01-27T22:29:25","level":"INFO","name":"rl.train","msg":"step_after","episode":1,"step":24,"actions":{},"reward":{"Drone1":0.9375016959713685,"Drone2":1.3183823438459876,"Drone3":99.38225732097929},"info":{}}
{"ts":"2026-01-27T22:29:26","level":"INFO","name":"rl.train","msg":"[INTERFERENCE]","episode":1,"step":25,"strength":-46.184057374417876,"kind":"power","unit":"dB","agent":"Drone1","raw_strength":2.4076549379969947e-05,"raw_unit":"power"}
{"ts":"2026-01-27T22:29:26","level":"INFO","name":"rl.train","msg":"[INTERFERENCE]","episode":1,"step":25,"strength":-45.12201811616592,"kind":"power","unit":"dB","agent":"Drone2","raw_strength":3.0746676202397794e-05,"raw_unit":"power"}
{"ts":"2026-01-27T22:29:26","level":"INFO","name":"rl.train","msg":"[INTERFERENCE]","episode":1,"step":25,"strength":-44.388631355849554,"kind":"power","unit":"dB","agent":"Drone3","raw_strength":3.6402972909854725e-05,"raw_unit":"power"}
{"ts":"2026-01-27T22:29:26","level":"INFO","name":"rl.train","msg":"step_after","episode":1,"step":25,"actions":{},"reward":{"Drone1":0.7013651055851733,"Drone2":0.9171076964250824,"Drone3":100.50008740840734},"info":{}}
{"ts":"2026-01-27T22:29:27","level":"INFO","name":"rl.train","msg":"[INTERFERENCE]","episode":1,"step":26,"strength":-45.34304765905466,"kind":"power","unit":"dB","agent":"Drone1","raw_strength":2.9221009754110128e-05,"raw_unit":"power"}
{"ts":"2026-01-27T22:29:27","level":"INFO","name":"rl.train","msg":"[INTERFERENCE]","episode":1,"step":26,"strength":-44.26083567375671,"kind":"power","unit":"dB","agent":"Drone2","raw_strength":3.749008465092629e-05,"raw_unit":"power"}
{"ts":"2026-01-27T22:29:28","level":"INFO","name":"rl.train","msg":"[INTERFERENCE]","episode":1,"step":26,"strength":-43.269190568249215,"kind":"power","unit":"dB","agent":"Drone3","raw_strength":4.710651046480052e-05,"raw_unit":"power"}
{"ts":"2026-01-27T22:29:28","level":"INFO","name":"rl.train","msg":"step_after","episode":1,"step":26,"actions":{},"reward":{"Drone1":0.6114148328544979,"Drone2":0.819276413343905,"Drone3":100.1496313471764},"info":{}}
{"ts":"2026-01-27T22:29:28","level":"INFO","name":"rl.train","msg":"[INTERFERENCE]","episode":1,"step":27,"strength":-44.52595817155786,"kind":"power","unit":"dB","agent":"Drone1","raw_strength":3.5269895306555554e-05,"raw_unit":"power"}
{"ts":"2026-01-27T22:29:29","level":"INFO","name":"rl.train","msg":"[INTERFERENCE]","episode":1,"step":27,"strength":-43.50699057596468,"kind":"power","unit":"dB","agent":"Drone2","raw_strength":4.459651609067805e-05,"raw_unit":"power"}
{"ts":"2026-01-27T22:29:29","level":"INFO","name":"rl.train","msg":"[INTERFERENCE]","episode":1,"step":27,"strength":-42.15264142885588,"kind":"power","unit":"dB","agent":"Drone3","raw_strength":6.0916627262486145e-05,"raw_unit":"power"}
{"ts":"2026-01-27T22:29:29","level":"INFO","name":"rl.train","msg":"step_after","episode":1,"step":27,"actions":{},"reward":{"Drone1":0.7202002987071319,"Drone2":0.9108398996179312,"Drone3":99.87677522506077},"info":{}}
{"ts":"2026-01-27T22:29:30","level":"INFO","name":"rl.train","msg":"[INTERFERENCE]","episode":1,"step":28,"strength":-43.77578258076792,"kind":"power","unit":"dB","agent":"Drone1","raw_strength":4.192004416836426e-05,"raw_unit":"power"}
{"ts":"2026-01-27T22:29:30","level":"INFO","name":"rl.train","msg":"[INTERFERENCE]","episode":1,"step":28,"strength":-42.941994406440436,"kind":"power","unit":"dB","agent":"Drone2","raw_strength":5.0792612455552444e-05,"raw_unit":"power"}
{"ts":"2026-01-27T22:29:31","level":"INFO","name":"rl.train","msg":"[INTERFERENCE]","episode":1,"step":28,"strength":-41.138527030060885,"kind":"power","unit":"dB","agent":"Drone3","raw_strength":7.69391335779801e-05,"raw_unit":"power"}
{"ts":"2026-01-27T22:29:31","level":"INFO","name":"rl.train","msg":"step_after","episode":1,"step":28,"actions":{},"reward":{"Drone1":0.7079403513182478,"Drone2":0.9297367191722878,"Drone3":100.02661646472028},"info":{}}
{"ts":"2026-01-27T22:29:31","level":"INFO","name":"rl.train","msg":"[INTERFERENCE]","episode":1,"step":29,"strength":-43.158411033563254,"kind":"power","unit":"dB","agent":"Drone1","raw_strength":4.8323556256946176e-05,"raw_unit":"power"}
{"ts":"2026-01-27T22:29:32","level":"INFO","name":"rl.train","msg":"[INTERFERENCE]","episode":1,"step":29,"strength":-42.66200681449065,"kind":"power","unit":"dB","agent":"Drone2","raw_strength":5.4175048717297614e-05,"raw_unit":"power"}
{"ts":"2026-01-27T22:29:32","level":"INFO","name":"rl.train","msg":"[INTERFERENCE]","episode":1,"step":29,"strength":-40.412419330182175,"kind":"power","unit":"dB","agent":"Drone3","raw_strength":9.094065171666443e-05,"raw_unit":"power"}
{"ts":"2026-01-27T22:29:32","level":"INFO","name":"rl.train","msg":"step_after","episode":1,"step":29,"actions":{},"reward":{"Drone1":0.7068470998185512,"Drone2":0.9379633299561101,"Drone3":99.73201435652503},"info":{}}
{"ts":"2026-01-27T22:29:33","level":"INFO","name":"rl.train","msg":"[INTERFERENCE]","episode":1,"step":30,"strength":-42.7675248983263,"kind":"power","unit":"dB","agent":"Drone1","raw_strength":5.2874649554723874e-05,"raw_unit":"power"}
{"ts":"2026-01-27T22:29:33","level":"INFO","name":"rl.train","msg":"[INTERFERENCE]","episode":1,"step":30,"strength":-42.72989593263165,"kind":"power","unit":"dB","agent":"Drone2","raw_strength":5.3334766562329605e-05,"raw_unit":"power"}
{"ts":"2026-01-27T22:29:34","level":"INFO","name":"rl.train","msg":"[INTERFERENCE]","episode":1,"step":30,"strength":-40.2613548723983,"kind":"power","unit":"dB","agent":"Drone3","raw_strength":9.415957902092487e-05,"raw_unit":"power"}
{"ts":"2026-01-27T22:29:34","level":"INFO","name":"rl.train","msg":"step_after","episode":1,"step":30,"actions":{},"reward":{"Drone1":0.7186980423505156,"Drone2":0.9603498241633497,"Drone3":100.11883556677115},"info":{}}
{"ts":"2026-01-27T22:29:34","level":"INFO","name":"rl.train","msg":"[INTERFERENCE]","episode":1,"step":31,"strength":-42.68244973082765,"kind":"power","unit":"dB","agent":"Drone1","raw_strength":5.3920637583360076e-05,"raw_unit":"power"}
{"ts":"2026-01-27T22:29:35","level":"INFO","name":"rl.train","msg":"[INTERFERENCE]","episode":1,"step":31,"strength":-42.96175676201345,"kind":"power","unit":"dB","agent":"Drone2","raw_strength":5.0562008254928514e-05,"raw_unit":"power"}
{"ts":"2026-01-27T22:29:35","level":"INFO","name":"rl.train","msg":"[INTERFERENCE]","episode":1,"step":31,"strength":-40.43606772852633,"kind":"power","unit":"dB","agent":"Drone3","raw_strength":9.044680336955935e-05,"raw_unit":"power"}
{"ts":"2026-01-27T22:29:35","level":"INFO","name":"rl.train","msg":"step_after","episode":1,"step":31,"actions":{},"reward":{"Drone1":0.7294444752280833,"Drone2":0.9694068250139389,"Drone3":99.76795113785396},"info":{}}
{"ts":"2026-01-27T22:29:36","level":"INFO","name":"rl.train","msg":"[INTERFERENCE]","episode":1,"step":32,"strength":-42.77982673490409,"kind":"power","unit":"dB","agent":"Drone1","raw_strength":5.2725088607985526e-05,"raw_unit":"power"}
{"ts":"2026-01-27T22:29:36","level":"INFO","name":"rl.train","msg":"[INTERFERENCE]","episode":1,"step":32,"strength":-43.52452226162093,"kind":"power","unit":"dB","agent":"Drone2","raw_strength":4.441685086931102e-05,"raw_unit":"power"}
{"ts":"2026-01-27T22:29:36","level":"INFO","name":"rl.train","msg":"[INTERFERENCE]","episode":1,"step":32,"strength":-41.05710652854615,"kind":"power","unit":"dB","agent":"Drone3","raw_strength":7.839517638785765e-05,"raw_unit":"power"}
{"ts":"2026-01-27T22:29:36","level":"INFO","name":"rl.train","msg":"step_after","episode":1,"step":32,"actions":{},"reward":{"Drone1":0.7335153549849929,"Drone2":0.9792947318821825,"Drone3":100.32088428518749},"info":{}}
{"ts":"2026-01-27T22:29:35","level":"INFO","name":"rl.train","msg":"[INTERFERENCE]","episode":1,"step":33,"strength":-43.170658297244664,"kind":"power","unit":"dB","agent":"Drone1","raw_strength":4.8187474021688104e-05,"raw_unit":"power"}
{"ts":"2026-01-27T22:29:36","level":"INFO","name":"rl.train","msg":"[INTERFERENCE]","episode":1,"step":33,"strength":-44.2689524585212,"kind":"power","unit":"dB","agent":"Drone2","raw_strength":3.742008266272023e-05,"raw_unit":"power"}
{"ts":"2026-01-27T22:29:36","level":"INFO","name":"rl.train","msg":"[INTERFERENCE]","episode":1,"step":33,"strength":-42.03615774849488,"kind":"power","unit":"dB","agent":"Drone3","raw_strength":6.257260247366503e-05,"raw_unit":"power"}
{"ts":"2026-01-27T22:29:36","level":"INFO","name":"rl.train","msg":"step_after","episode":1,"step":33,"actions":{},"reward":{"Drone1":0.7521176108223153,"Drone2":1.0089808665272721,"Drone3":99.90101031619109},"info":{}}
{"ts":"2026-01-27T22:29:37","level":"INFO","name":"rl.train","msg":"[INTERFERENCE]","episode":1,"step":34,"strength":-43.78599189779973,"kind":"power","unit":"dB","agent":"Drone1","raw_strength":4.182161501375958e-05,"raw_unit":"power"}
{"ts":"2026-01-27T22:29:37","level":"INFO","name":"rl.train","msg":"[INTERFERENCE]","episode":1,"step":34,"strength":-45.109506152085224,"kind":"power","unit":"dB","agent":"Drone2","raw_strength":3.083538467762992e-05,"raw_unit":"power"}
{"ts":"2026-01-27T22:29:38","level":"INFO","name":"rl.train","msg":"[INTERFERENCE]","episode":1,"step":34,"strength":-43.144303382157915,"kind":"power","unit":"dB","agent":"Drone3","raw_strength":4.848078606300987e-05,"raw_unit":"power"}
{"ts":"2026-01-27T22:29:38","level":"INFO","name":"rl.train","msg":"step_after","episode":1,"step":34,"actions":{},"reward":{"Drone1":0.7699912199297978,"Drone2":1.0359121068743116,"Drone3":100.10473748467506},"info":{}}
{"ts":"2026-01-27T22:29:38","level":"INFO","name":"rl.train","msg":"[INTERFERENCE]","episode":1,"step":35,"strength":-44.538291910804745,"kind":"power","unit":"dB","agent":"Drone1","raw_strength":3.5169872717233375e-05,"raw_unit":"power"}
{"ts":"2026-01-27T22:29:39","level":"INFO","name":"rl.train","msg":"[INTERFERENCE]","episode":1,"step":35,"strength":-45.974607206152534,"kind":"power","unit":"dB","agent":"Drone2","raw_strength":2.5266161173931323e-05,"raw_unit":"power"}
{"ts":"2026-01-27T22:29:39","level":"INFO","name":"rl.train","msg":"[INTERFERENCE]","episode":1,"step":35,"strength":-44.2646601716079,"kind":"power","unit":"dB","agent":"Drone3","raw_strength":3.745708454516716e-05,"raw_unit":"power"}
{"ts":"2026-01-27T22:29:39","level":"INFO","name":"rl.train","msg":"step_after","episode":1,"step":35,"actions":{},"reward":{"Drone1":0.7821376808717468,"Drone2":1.0364811356114296,"Drone3":99.96266395611768},"info":{}}
{"ts":"2026-01-27T22:29:40","level":"INFO","name":"rl.train","msg":"[INTERFERENCE]","episode":1,"step":36,"strength":-45.360144397603065,"kind":"power","unit":"dB","agent":"Drone1","raw_strength":2.9106202418915927e-05,"raw_unit":"power"}
{"ts":"2026-01-27T22:29:40","level":"INFO","name":"rl.train","msg":"[INTERFERENCE]","episode":1,"step":36,"strength":-46.832656443439305,"kind":"power","unit":"dB","agent":"Drone2","raw_strength":2.07364464586135e-05,"raw_unit":"power"}
{"ts":"2026-01-27T22:29:40","level":"INFO","name":"rl.train","msg":"[INTERFERENCE]","episode":1,"step":36,"strength":-45.35266069441016,"kind":"power","unit":"dB","agent":"Drone3","raw_strength":2.9156401069485582e-05,"raw_unit":"power"}
{"ts":"2026-01-27T22:29:40","level":"INFO","name":"rl.train","msg":"step_after","episode":1,"step":36,"actions":{},"reward":{"Drone1":0.7997078704522573,"Drone2":101.05315857470508,"Drone3":99.96518467416648},"info":{}}
{"ts":"2026-01-27T22:29:41","level":"INFO","name":"rl.train","msg":"[INTERFERENCE]","episode":1,"step":37,"strength":-46.196598460421974,"kind":"power","unit":"dB","agent":"Drone1","raw_strength":2.4007124011404812e-05,"raw_unit":"power"}
{"ts":"2026-01-27T22:29:41","level":"INFO","name":"rl.train","msg":"[INTERFERENCE]","episode":1,"step":37,"strength":-47.64715386823412,"kind":"power","unit":"dB","agent":"Drone2","raw_strength":1.7190344806294888e-05,"raw_unit":"power"}
{"ts":"2026-01-27T22:29:42","level":"INFO","name":"rl.train","msg":"[INTERFERENCE]","episode":1,"step":37,"strength":-46.35666107803554,"kind":"power","unit":"dB","agent":"Drone3","raw_strength":2.3138429241953418e-05,"raw_unit":"power"}
{"ts":"2026-01-27T22:29:42","level":"INFO","name":"rl.train","msg":"step_after","episode":1,"step":37,"actions":{},"reward":{"Drone1":0.8199311765222228,"Drone2":100.75479878556347,"Drone3":99.88170120065136},"info":{}}
{"ts":"2026-01-27T22:29:42","level":"INFO","name":"rl.train","msg":"[INTERFERENCE]","episode":1,"step":38,"strength":-47.02442158569997,"kind":"power","unit":"dB","agent":"Drone1","raw_strength":1.9840737877530046e-05,"raw_unit":"power"}
{"ts":"2026-01-27T22:29:43","level":"INFO","name":"rl.train","msg":"[INTERFERENCE]","episode":1,"step":38,"strength":-48.408204953880805,"kind":"power","unit":"dB","agent":"Drone2","raw_strength":1.442711436538957e-05,"raw_unit":"power"}
{"ts":"2026-01-27T22:29:43","level":"INFO","name":"rl.train","msg":"[INTERFERENCE]","episode":1,"step":38,"strength":-47.27282831737229,"kind":"power","unit":"dB","agent":"Drone3","raw_strength":1.8737737264018506e-05,"raw_unit":"power"}
{"ts":"2026-01-27T22:29:43","level":"INFO","name":"rl.train","msg":"step_after","episode":1,"step":38,"actions":{},"reward":{"Drone1":0.8442724587814519,"Drone2":99.75401259610611,"Drone3":100.11624256709023},"info":{}}
{"ts":"2026-01-27T22:29:44","level":"INFO","name":"rl.train","msg":"[INTERFERENCE]","episode":1,"step":39,"strength":-47.39318946197144,"kind":"power","unit":"dB","agent":"Drone1","raw_strength":1.8225566236651503e-05,"raw_unit":"power"}
{"ts":"2026-01-27T22:29:44","level":"INFO","name":"rl.train","msg":"[INTERFERENCE]","episode":1,"step":39,"strength":-48.68168354890841,"kind":"power","unit":"dB","agent":"Drone2","raw_strength":1.3546640730055515e-05,"raw_unit":"power"}
{"ts":"2026-01-27T22:29:45","level":"INFO","name":"rl.train","msg":"[INTERFERENCE]","episode":1,"step":39,"strength":-47.50048508657598,"kind":"power","unit":"dB","agent":"Drone3","raw_strength":1.778080695657991e-05,"raw_unit":"power"}
{"ts":"2026-01-27T22:29:45","level":"INFO","name":"rl.train","msg":"step_after","episode":1,"step":39,"actions":{},"reward":{"Drone1":0.8762423368018426,"Drone2":100.10705120578653,"Drone3":99.89343304537418},"info":{}}
{"ts":"2026-01-27T22:29:45","level":"INFO","name":"rl.train","msg":"[INTERFERENCE]","episode":1,"step":40,"strength":-48.00519533478115,"kind":"power","unit":"dB","agent":"Drone1","raw_strength":1.582998265803326e-05,"raw_unit":"power"}
{"ts":"2026-01-27T22:29:46","level":"INFO","name":"rl.train","msg":"[INTERFERENCE]","episode":1,"step":40,"strength":-49.16921281567764,"kind":"power","unit":"dB","agent":"Drone2","raw_strength":1.2108174814784434e-05,"raw_unit":"power"}
{"ts":"2026-01-27T22:29:46","level":"INFO","name":"rl.train","msg":"[INTERFERENCE]","episode":1,"step":40,"strength":-48.01522360387648,"kind":"power","unit":"dB","agent":"Drone3","raw_strength":1.5793471902725287e-05,"raw_unit":"power"}
{"ts":"2026-01-27T22:29:46","level":"INFO","name":"rl.train","msg":"step_after","episode":1,"step":40,"actions":{},"reward":{"Drone1":0.9118850856113931,"Drone2":99.90259684737133,"Drone3":100.01499285428257},"info":{}}
{"ts":"2026-01-27T22:29:46","level":"INFO","name":"rl.train","msg":"episode_end","episode":1,"reward_sum":2490.241014947053}
{"ts":"2026-01-30T10:55:33","level":"INFO","name":"rl.train","msg":"episode_start","episode":1}
{"ts":"2026-01-30T10:55:45","level":"INFO","name":"rl.train","msg":"[INTERFERENCE]","episode":1,"step":1,"strength":-48.42352321249331,"kind":"power","unit":"dB","agent":"Drone1","raw_strength":1.4376317267306149e-05,"raw_unit":"power"}
{"ts":"2026-01-30T10:55:45","level":"INFO","name":"rl.train","msg":"[INTERFERENCE]","episode":1,"step":1,"strength":-47.96917927319171,"kind":"power","unit":"dB","agent":"Drone2","raw_strength":1.596180663909763e-05,"raw_unit":"power"}
{"ts":"2026-01-30T10:55:45","level":"INFO","name":"rl.train","msg":"[INTERFERENCE]","episode":1,"step":1,"strength":-47.88905791334653,"kind":"power","unit":"dB","agent":"Drone3","raw_strength":1.6259013136732392e-05,"raw_unit":"power"}
{"ts":"2026-01-30T10:55:45","level":"INFO","name":"rl.train","msg":"step_after","episode":1,"step":1,"actions":{},"reward":{"Drone1":-0.010007188158633653,"Drone2":-0.010007980903319549,"Drone3":-0.010008129506568366},"info":{}}
{"ts":"2026-01-30T10:55:46","level":"INFO","name":"rl.train","msg":"[INTERFERENCE]","episode":1,"step":2,"strength":-48.66914665981423,"kind":"power","unit":"dB","agent":"Drone1","raw_strength":1.3585802662419155e-05,"raw_unit":"power"}
{"ts":"2026-01-30T10:55:46","level":"INFO","name":"rl.train","msg":"[INTERFERENCE]","episode":1,"step":2,"strength":-48.25516850943625,"kind":"power","unit":"dB","agent":"Drone2","raw_strength":1.4944559552532155e-05,"raw_unit":"power"}
{"ts":"2026-01-30T10:55:46","level":"INFO","name":"rl.train","msg":"[INTERFERENCE]","episode":1,"step":2,"strength":-48.17135104018984,"kind":"power","unit":"dB","agent":"Drone3","raw_strength":1.5235786122502759e-05,"raw_unit":"power"}
{"ts":"2026-01-30T10:55:46","level":"INFO","name":"rl.train","msg":"step_after","episode":1,"step":2,"actions":{},"reward":{"Drone1":0.7718878909365594,"Drone2":0.6743606612651456,"Drone3":0.5714743157006887},"info":{}}
{"ts":"2026-01-30T10:55:47","level":"INFO","name":"rl.train","msg":"[INTERFERENCE]","episode":1,"step":3,"strength":-48.919070410312344,"kind":"power","unit":"dB","agent":"Drone1","raw_strength":1.2826049896830227e-05,"raw_unit":"power"}
{"ts":"2026-01-30T10:55:47","level":"INFO","name":"rl.train","msg":"[INTERFERENCE]","episode":1,"step":3,"strength":-48.55132470428258,"kind":"power","unit":"dB","agent":"Drone2","raw_strength":1.3959423995402176e-05,"raw_unit":"power"}
{"ts":"2026-01-30T10:55:47","level":"INFO","name":"rl.train","msg":"[INTERFERENCE]","episode":1,"step":3,"strength":-48.45153117077329,"kind":"power","unit":"dB","agent":"Drone3","raw_strength":1.4283901691669598e-05,"raw_unit":"power"}
{"ts":"2026-01-30T10:55:47","level":"INFO","name":"rl.train","msg":"step_after","episode":1,"step":3,"actions":{},"reward":{"Drone1":0.9162936358031766,"Drone2":0.864588662377846,"Drone3":0.8287246237962245},"info":{}}
{"ts":"2026-01-30T10:55:48","level":"INFO","name":"rl.train","msg":"[INTERFERENCE]","episode":1,"step":4,"strength":-49.17406473145,"kind":"power","unit":"dB","agent":"Drone1","raw_strength":1.2094655176042579e-05,"raw_unit":"power"}
{"ts":"2026-01-30T10:55:48","level":"INFO","name":"rl.train","msg":"[INTERFERENCE]","episode":1,"step":4,"strength":-48.85297022129705,"kind":"power","unit":"dB","agent":"Drone2","raw_strength":1.302275722991908e-05,"raw_unit":"power"}
{"ts":"2026-01-30T10:55:48","level":"INFO","name":"rl.train","msg":"[INTERFERENCE]","episode":1,"step":4,"strength":-48.73106209561015,"kind":"power","unit":"dB","agent":"Drone3","raw_strength":1.339349000772927e-05,"raw_unit":"power"}
{"ts":"2026-01-30T10:55:48","level":"INFO","name":"rl.train","msg":"step_after","episode":1,"step":4,"actions":{},"reward":{"Drone1":0.9379652966665526,"Drone2":0.9699319957014632,"Drone3":0.9463874988116368},"info":{}}
{"ts":"2026-01-30T10:55:48","level":"INFO","name":"rl.train","msg":"[INTERFERENCE]","episode":1,"step":5,"strength":-49.43289029337487,"kind":"power","unit":"dB","agent":"Drone1","raw_strength":1.1394910870876629e-05,"raw_unit":"power"}
{"ts":"2026-01-30T10:55:48","level":"INFO","name":"rl.train","msg":"[INTERFERENCE]","episode":1,"step":5,"strength":-49.158553737977215,"kind":"power","unit":"dB","agent":"Drone2","raw_strength":1.2137928933952935e-05,"raw_unit":"power"}
{"ts":"2026-01-30T10:55:48","level":"INFO","name":"rl.train","msg":"[INTERFERENCE]","episode":1,"step":5,"strength":-49.00900115725588,"kind":"power","unit":"dB","agent":"Drone3","raw_strength":1.2563187738123816e-05,"raw_unit":"power"}
{"ts":"2026-01-30T10:55:48","level":"INFO","name":"rl.train","msg":"step_after","episode":1,"step":5,"actions":{},"reward":{"Drone1":0.9377558381890958,"Drone2":1.0622824442191268,"Drone3":1.04350056960242},"info":{}}
{"ts":"2026-01-30T10:55:49","level":"INFO","name":"rl.train","msg":"[INTERFERENCE]","episode":1,"step":6,"strength":-49.69582521439172,"kind":"power","unit":"dB","agent":"Drone1","raw_strength":1.0725497304520104e-05,"raw_unit":"power"}
{"ts":"2026-01-30T10:55:49","level":"INFO","name":"rl.train","msg":"[INTERFERENCE]","episode":1,"step":6,"strength":-49.46542194006871,"kind":"power","unit":"dB","agent":"Drone2","raw_strength":1.1309874025755562e-05,"raw_unit":"power"}
{"ts":"2026-01-30T10:55:49","level":"INFO","name":"rl.train","msg":"[INTERFERENCE]","episode":1,"step":6,"strength":-49.28641403611315,"kind":"power","unit":"dB","agent":"Drone3","raw_strength":1.1785786227846984e-05,"raw_unit":"power"}
{"ts":"2026-01-30T10:55:49","level":"INFO","name":"rl.train","msg":"step_after","episode":1,"step":6,"actions":{},"reward":{"Drone1":0.9346109550003712,"Drone2":1.082208929413573,"Drone3":1.0861073120629408},"info":{}}
{"ts":"2026-01-30T10:55:50","level":"INFO","name":"rl.train","msg":"[INTERFERENCE]","episode":1,"step":7,"strength":-49.812341021530955,"kind":"power","unit":"dB","agent":"Drone1","raw_strength":1.0441571248520631e-05,"raw_unit":"power"}
{"ts":"2026-01-30T10:55:50","level":"INFO","name":"rl.train","msg":"[INTERFERENCE]","episode":1,"step":7,"strength":-49.61546863656669,"kind":"power","unit":"dB","agent":"Drone2","raw_strength":1.0925796232186258e-05,"raw_unit":"power"}
{"ts":"2026-01-30T10:55:50","level":"INFO","name":"rl.train","msg":"[INTERFERENCE]","episode":1,"step":7,"strength":-49.39816313725291,"kind":"power","unit":"dB","agent":"Drone3","raw_strength":1.1486392395454459e-05,"raw_unit":"power"}
{"ts":"2026-01-30T10:55:50","level":"INFO","name":"rl.train","msg":"step_after","episode":1,"step":7,"actions":{},"reward":{"Drone1":0.9341476112456257,"Drone2":1.0420498959886026,"Drone3":1.0676157167647398},"info":{}}
{"ts":"2026-01-30T10:55:50","level":"INFO","name":"rl.train","msg":"[INTERFERENCE]","episode":1,"step":8,"strength":-49.41513934609038,"kind":"power","unit":"dB","agent":"Drone1","raw_strength":1.1441580682003405e-05,"raw_unit":"power"}
{"ts":"2026-01-30T10:55:50","level":"INFO","name":"rl.train","msg":"[INTERFERENCE]","episode":1,"step":8,"strength":-49.22952561922783,"kind":"power","unit":"dB","agent":"Drone2","raw_strength":1.194118431158131e-05,"raw_unit":"power"}
{"ts":"2026-01-30T10:55:50","level":"INFO","name":"rl.train","msg":"[INTERFERENCE]","episode":1,"step":8,"strength":-48.963683842413886,"kind":"power","unit":"dB","agent":"Drone3","raw_strength":1.26949671539478e-05,"raw_unit":"power"}
{"ts":"2026-01-30T10:55:50","level":"INFO","name":"rl.train","msg":"step_after","episode":1,"step":8,"actions":{},"reward":{"Drone1":0.9335100567975496,"Drone2":1.0219535630992505,"Drone3":1.045246681386052},"info":{}}
{"ts":"2026-01-30T10:55:51","level":"INFO","name":"rl.train","msg":"[INTERFERENCE]","episode":1,"step":9,"strength":-48.916074088716464,"kind":"power","unit":"dB","agent":"Drone1","raw_strength":1.2834902008762583e-05,"raw_unit":"power"}
{"ts":"2026-01-30T10:55:51","level":"INFO","name":"rl.train","msg":"[INTERFERENCE]","episode":1,"step":9,"strength":-48.74618487941827,"kind":"power","unit":"dB","agent":"Drone2","raw_strength":1.3346932973945513e-05,"raw_unit":"power"}
{"ts":"2026-01-30T10:55:51","level":"INFO","name":"rl.train","msg":"[INTERFERENCE]","episode":1,"step":9,"strength":-48.438313402990836,"kind":"power","unit":"dB","agent":"Drone3","raw_strength":1.4327441022032872e-05,"raw_unit":"power"}
{"ts":"2026-01-30T10:55:51","level":"INFO","name":"rl.train","msg":"step_after","episode":1,"step":9,"actions":{},"reward":{"Drone1":0.9366164310597378,"Drone2":1.005181543696599,"Drone3":1.0274255068727507},"info":{}}
{"ts":"2026-01-30T10:55:50","level":"INFO","name":"rl.train","msg":"[INTERFERENCE]","episode":1,"step":10,"strength":-48.44980985459937,"kind":"power","unit":"dB","agent":"Drone1","raw_strength":1.4289564205682836e-05,"raw_unit":"power"}
{"ts":"2026-01-30T10:55:50","level":"INFO","name":"rl.train","msg":"[INTERFERENCE]","episode":1,"step":10,"strength":-48.29244669212608,"kind":"power","unit":"dB","agent":"Drone2","raw_strength":1.4816830116615165e-05,"raw_unit":"power"}
{"ts":"2026-01-30T10:55:50","level":"INFO","name":"rl.train","msg":"[INTERFERENCE]","episode":1,"step":10,"strength":-47.935966999896564,"kind":"power","unit":"dB","agent":"Drone3","raw_strength":1.6084341041278094e-05,"raw_unit":"power"}
{"ts":"2026-01-30T10:55:50","level":"INFO","name":"rl.train","msg":"step_after","episode":1,"step":10,"actions":{},"reward":{"Drone1":0.9318015557794206,"Drone2":1.0001282422197073,"Drone3":1.0270574638109247},"info":{}}
{"ts":"2026-01-30T10:55:50","level":"INFO","name":"rl.train","msg":"[INTERFERENCE]","episode":1,"step":11,"strength":-48.02915075171224,"kind":"power","unit":"dB","agent":"Drone1","raw_strength":1.5742905816296116e-05,"raw_unit":"power"}
{"ts":"2026-01-30T10:55:50","level":"INFO","name":"rl.train","msg":"[INTERFERENCE]","episode":1,"step":11,"strength":-47.8790309329938,"kind":"power","unit":"dB","agent":"Drone2","raw_strength":1.6296595276799053e-05,"raw_unit":"power"}
{"ts":"2026-01-30T10:55:51","level":"INFO","name":"rl.train","msg":"[INTERFERENCE]","episode":1,"step":11,"strength":-47.47405510516699,"kind":"power","unit":"dB","agent":"Drone3","raw_strength":1.788934605428949e-05,"raw_unit":"power"}
{"ts":"2026-01-30T10:55:51","level":"INFO","name":"rl.train","msg":"step_after","episode":1,"step":11,"actions":{},"reward":{"Drone1":0.9343604909738497,"Drone2":1.0020539244562678,"Drone3":1.026234494047676},"info":{}}
{"ts":"2026-01-30T10:55:51","level":"INFO","name":"rl.train","msg":"[INTERFERENCE]","episode":1,"step":12,"strength":-47.67514249729274,"kind":"power","unit":"dB","agent":"Drone1","raw_strength":1.7079915778595023e-05,"raw_unit":"power"}
{"ts":"2026-01-30T10:55:51","level":"INFO","name":"rl.train","msg":"[INTERFERENCE]","episode":1,"step":12,"strength":-47.525101988511125,"kind":"power","unit":"dB","agent":"Drone2","raw_strength":1.7680305973044597e-05,"raw_unit":"power"}
{"ts":"2026-01-30T10:55:51","level":"INFO","name":"rl.train","msg":"[INTERFERENCE]","episode":1,"step":12,"strength":-47.070650954010034,"kind":"power","unit":"dB","agent":"Drone3","raw_strength":1.9630659153335728e-05,"raw_unit":"power"}
{"ts":"2026-01-30T10:55:51","level":"INFO","name":"rl.train","msg":"step_after","episode":1,"step":12,"actions":{},"reward":{"Drone1":0.9336674549151576,"Drone2":1.0052976326253338,"Drone3":1.0288352469262827},"info":{}}
{"ts":"2026-01-30T10:55:52","level":"INFO","name":"rl.train","msg":"[INTERFERENCE]","episode":1,"step":13,"strength":-47.41207271784704,"kind":"power","unit":"dB","agent":"Drone1","raw_strength":1.814649294828996e-05,"raw_unit":"power"}
{"ts":"2026-01-30T10:55:52","level":"INFO","name":"rl.train","msg":"[INTERFERENCE]","episode":1,"step":13,"strength":-47.25505941927519,"kind":"power","unit":"dB","agent":"Drone2","raw_strength":1.8814558643498458e-05,"raw_unit":"power"}
{"ts":"2026-01-30T10:55:52","level":"INFO","name":"rl.train","msg":"[INTERFERENCE]","episode":1,"step":13,"strength":-46.756423020973195,"kind":"power","unit":"dB","agent":"Drone3","raw_strength":2.110365494445432e-05,"raw_unit":"power"}
{"ts":"2026-01-30T10:55:52","level":"INFO","name":"rl.train","msg":"step_after","episode":1,"step":13,"actions":{},"reward":{"Drone1":0.9336325893511821,"Drone2":0.989799857857397,"Drone3":1.0192510372228207},"info":{}}
{"ts":"2026-01-30T10:55:53","level":"INFO","name":"rl.train","msg":"[INTERFERENCE]","episode":1,"step":14,"strength":-47.25443930759492,"kind":"power","unit":"dB","agent":"Drone1","raw_strength":1.8817245290847495e-05,"raw_unit":"power"}
{"ts":"2026-01-30T10:55:53","level":"INFO","name":"rl.train","msg":"[INTERFERENCE]","episode":1,"step":14,"strength":-47.08034721510689,"kind":"power","unit":"dB","agent":"Drone2","raw_strength":1.9586879716371186e-05,"raw_unit":"power"}
{"ts":"2026-01-30T10:55:53","level":"INFO","name":"rl.train","msg":"[INTERFERENCE]","episode":1,"step":14,"strength":-46.54765731800404,"kind":"power","unit":"dB","agent":"Drone3","raw_strength":2.2142887246445753e-05,"raw_unit":"power"}
{"ts":"2026-01-30T10:55:53","level":"INFO","name":"rl.train","msg":"step_after","episode":1,"step":14,"actions":{},"reward":{"Drone1":0.9337848418656358,"Drone2":1.0052795132007668,"Drone3":1.0240770633220018},"info":{}}
{"ts":"2026-01-30T10:55:53","level":"INFO","name":"rl.train","msg":"[INTERFERENCE]","episode":1,"step":15,"strength":-47.21537870065046,"kind":"power","unit":"dB","agent":"Drone1","raw_strength":1.8987251678481698e-05,"raw_unit":"power"}
{"ts":"2026-01-30T10:55:53","level":"INFO","name":"rl.train","msg":"[INTERFERENCE]","episode":1,"step":15,"strength":-47.01596337258978,"kind":"power","unit":"dB","agent":"Drone2","raw_strength":1.9879416868207045e-05,"raw_unit":"power"}
{"ts":"2026-01-30T10:55:53","level":"INFO","name":"rl.train","msg":"[INTERFERENCE]","episode":1,"step":15,"strength":-46.463371772034606,"kind":"power","unit":"dB","agent":"Drone3","raw_strength":2.2576821720576845e-05,"raw_unit":"power"}
{"ts":"2026-01-30T10:55:53","level":"INFO","name":"rl.train","msg":"step_after","episode":1,"step":15,"actions":{},"reward":{"Drone1":0.9380171634786529,"Drone2":1.002490823231019,"Drone3":1.0275749237473428},"info":{}}
{"ts":"2026-01-30T10:55:54","level":"INFO","name":"rl.train","msg":"[INTERFERENCE]","episode":1,"step":16,"strength":-47.30128978088473,"kind":"power","unit":"dB","agent":"Drone1","raw_strength":1.8615341105032712e-05,"raw_unit":"power"}
{"ts":"2026-01-30T10:55:54","level":"INFO","name":"rl.train","msg":"[INTERFERENCE]","episode":1,"step":16,"strength":-47.0687390749776,"kind":"power","unit":"dB","agent":"Drone2","raw_strength":1.9639302990981378e-05,"raw_unit":"power"}
{"ts":"2026-01-30T10:55:54","level":"INFO","name":"rl.train","msg":"[INTERFERENCE]","episode":1,"step":16,"strength":-46.51292615910173,"kind":"power","unit":"dB","agent":"Drone3","raw_strength":2.2320677089737728e-05,"raw_unit":"power"}
{"ts":"2026-01-30T10:55:54","level":"INFO","name":"rl.train","msg":"step_after","episode":1,"step":16,"actions":{},"reward":{"Drone1":0.9307846834183147,"Drone2":1.0041274484149108,"Drone3":1.0273356795662403},"info":{}}
{"ts":"2026-01-30T10:55:55","level":"INFO","name":"rl.train","msg":"[INTERFERENCE]","episode":1,"step":17,"strength":-47.562453426970905,"kind":"power","unit":"dB","agent":"Drone1","raw_strength":1.752889875206165e-05,"raw_unit":"power"}
{"ts":"2026-01-30T10:55:55","level":"INFO","name":"rl.train","msg":"[INTERFERENCE]","episode":1,"step":17,"strength":-47.40859884293577,"kind":"power","unit":"dB","agent":"Drone2","raw_strength":1.8161013940698467e-05,"raw_unit":"power"}
{"ts":"2026-01-30T10:55:56","level":"INFO","name":"rl.train","msg":"[INTERFERENCE]","episode":1,"step":17,"strength":-47.07929145303747,"kind":"power","unit":"dB","agent":"Drone3","raw_strength":1.959164183062967e-05,"raw_unit":"power"}
{"ts":"2026-01-30T10:55:56","level":"INFO","name":"rl.train","msg":"step_after","episode":1,"step":17,"actions":{},"reward":{"Drone1":0.934367227371913,"Drone2":1.270708769224475,"Drone3":1.8162131007550124},"info":{}}
{"ts":"2026-01-30T10:55:56","level":"INFO","name":"rl.train","msg":"[INTERFERENCE]","episode":1,"step":18,"strength":-48.2554819835609,"kind":"power","unit":"dB","agent":"Drone1","raw_strength":1.4943480891815852e-05,"raw_unit":"power"}
{"ts":"2026-01-30T10:55:57","level":"INFO","name":"rl.train","msg":"[INTERFERENCE]","episode":1,"step":18,"strength":-48.11937712412444,"kind":"power","unit":"dB","agent":"Drone2","raw_strength":1.5419214832945727e-05,"raw_unit":"power"}
{"ts":"2026-01-30T10:55:57","level":"INFO","name":"rl.train","msg":"[INTERFERENCE]","episode":1,"step":18,"strength":-47.98874429025088,"kind":"power","unit":"dB","agent":"Drone3","raw_strength":1.5890060240053572e-05,"raw_unit":"power"}
{"ts":"2026-01-30T10:55:57","level":"INFO","name":"rl.train","msg":"step_after","episode":1,"step":18,"actions":{},"reward":{"Drone1":0.6897853901980306,"Drone2":0.9377576407343804,"Drone3":1.0072740640946358},"info":{}}
{"ts":"2026-01-30T10:55:58","level":"INFO","name":"rl.train","msg":"[INTERFERENCE]","episode":1,"step":19,"strength":-49.17601779853535,"kind":"power","unit":"dB","agent":"Drone1","raw_strength":1.2089217307220679e-05,"raw_unit":"power"}
{"ts":"2026-01-30T10:55:58","level":"INFO","name":"rl.train","msg":"[INTERFERENCE]","episode":1,"step":19,"strength":-49.04134271845649,"kind":"power","unit":"dB","agent":"Drone2","raw_strength":1.2469978173612617e-05,"raw_unit":"power"}
{"ts":"2026-01-30T10:55:58","level":"INFO","name":"rl.train","msg":"[INTERFERENCE]","episode":1,"step":19,"strength":-49.03839729451745,"kind":"power","unit":"dB","agent":"Drone3","raw_strength":1.2478438293328509e-05,"raw_unit":"power"}
{"ts":"2026-01-30T10:55:58","level":"INFO","name":"rl.train","msg":"step_after","episode":1,"step":19,"actions":{},"reward":{"Drone1":0.6042784707722058,"Drone2":0.8005444547081788,"Drone3":0.9399613835378113},"info":{}}
{"ts":"2026-01-30T10:55:59","level":"INFO","name":"rl.train","msg":"[INTERFERENCE]","episode":1,"step":20,"strength":-49.67543597611904,"kind":"power","unit":"dB","agent":"Drone1","raw_strength":1.0775969712994993e-05,"raw_unit":"power"}
{"ts":"2026-01-30T10:56:00","level":"INFO","name":"rl.train","msg":"[INTERFERENCE]","episode":1,"step":20,"strength":-49.12388558117539,"kind":"power","unit":"dB","agent":"Drone2","raw_strength":1.223520939674927e-05,"raw_unit":"power"}
{"ts":"2026-01-30T10:56:00","level":"INFO","name":"rl.train","msg":"[INTERFERENCE]","episode":1,"step":20,"strength":-48.70832305870059,"kind":"power","unit":"dB","agent":"Drone3","raw_strength":1.346380031463923e-05,"raw_unit":"power"}
{"ts":"2026-01-30T10:56:00","level":"INFO","name":"rl.train","msg":"step_after","episode":1,"step":20,"actions":{},"reward":{"Drone1":0.7000451949008857,"Drone2":0.8859289409890516,"Drone3":1.0166668234739882},"info":{}}
{"ts":"2026-01-30T10:56:01","level":"INFO","name":"rl.train","msg":"[INTERFERENCE]","episode":1,"step":21,"strength":-49.114695320480934,"kind":"power","unit":"dB","agent":"Drone1","raw_strength":1.2261128176760394e-05,"raw_unit":"power"}
{"ts":"2026-01-30T10:56:01","level":"INFO","name":"rl.train","msg":"[INTERFERENCE]","episode":1,"step":21,"strength":-48.491568509072955,"kind":"power","unit":"dB","agent":"Drone2","raw_strength":1.4152824405755382e-05,"raw_unit":"power"}
{"ts":"2026-01-30T10:56:01","level":"INFO","name":"rl.train","msg":"[INTERFERENCE]","episode":1,"step":21,"strength":-48.080635175678225,"kind":"power","unit":"dB","agent":"Drone3","raw_strength":1.555737981107086e-05,"raw_unit":"power"}
{"ts":"2026-01-30T10:56:01","level":"INFO","name":"rl.train","msg":"step_after","episode":1,"step":21,"actions":{},"reward":{"Drone1":0.6831701389671616,"Drone2":0.8741920660438518,"Drone3":1.0294853052639519},"info":{}}
{"ts":"2026-01-30T10:56:02","level":"INFO","name":"rl.train","msg":"[INTERFERENCE]","episode":1,"step":22,"strength":-48.553945655772424,"kind":"power","unit":"dB","agent":"Drone1","raw_strength":1.3951002074463759e-05,"raw_unit":"power"}
{"ts":"2026-01-30T10:56:02","level":"INFO","name":"rl.train","msg":"[INTERFERENCE]","episode":1,"step":22,"strength":-47.84703105185833,"kind":"power","unit":"dB","agent":"Drone2","raw_strength":1.641711605770979e-05,"raw_unit":"power"}
{"ts":"2026-01-30T10:56:03","level":"INFO","name":"rl.train","msg":"[INTERFERENCE]","episode":1,"step":22,"strength":-47.47136223648482,"kind":"power","unit":"dB","agent":"Drone3","raw_strength":1.790044188965112e-05,"raw_unit":"power"}
{"ts":"2026-01-30T10:56:03","level":"INFO","name":"rl.train","msg":"step_after","episode":1,"step":22,"actions":{},"reward":{"Drone1":0.6918229347772831,"Drone2":0.9080206229239047,"Drone3":101.05998129726707},"info":{}}
{"ts":"2026-01-30T10:56:03","level":"INFO","name":"rl.train","msg":"[INTERFERENCE]","episode":1,"step":23,"strength":-48.00685146010949,"kind":"power","unit":"dB","agent":"Drone1","raw_strength":1.5823947251192294e-05,"raw_unit":"power"}
{"ts":"2026-01-30T10:56:04","level":"INFO","name":"rl.train","msg":"[INTERFERENCE]","episode":1,"step":23,"strength":-47.20289789713577,"kind":"power","unit":"dB","agent":"Drone2","raw_strength":1.904189593915362e-05,"raw_unit":"power"}
{"ts":"2026-01-30T10:56:04","level":"INFO","name":"rl.train","msg":"[INTERFERENCE]","episode":1,"step":23,"strength":-46.91824081928699,"kind":"power","unit":"dB","agent":"Drone3","raw_strength":2.0331803170847706e-05,"raw_unit":"power"}
{"ts":"2026-01-30T10:56:04","level":"INFO","name":"rl.train","msg":"step_after","episode":1,"step":23,"actions":{},"reward":{"Drone1":0.6960982739394603,"Drone2":0.8998930516838664,"Drone3":100.18011574652631},"info":{}}
{"ts":"2026-01-30T10:56:05","level":"INFO","name":"rl.train","msg":"[INTERFERENCE]","episode":1,"step":24,"strength":-47.6340480835681,"kind":"power","unit":"dB","agent":"Drone1","raw_strength":1.7242298781638965e-05,"raw_unit":"power"}
{"ts":"2026-01-30T10:56:05","level":"INFO","name":"rl.train","msg":"[INTERFERENCE]","episode":1,"step":24,"strength":-46.89765767594491,"kind":"power","unit":"dB","agent":"Drone2","raw_strength":2.0428393327165395e-05,"raw_unit":"power"}
{"ts":"2026-01-30T10:56:06","level":"INFO","name":"rl.train","msg":"[INTERFERENCE]","episode":1,"step":24,"strength":-46.556897321446655,"kind":"power","unit":"dB","agent":"Drone3","raw_strength":2.2095826352597214e-05,"raw_unit":"power"}
{"ts":"2026-01-30T10:56:06","level":"INFO","name":"rl.train","msg":"step_after","episode":1,"step":24,"actions":{},"reward":{"Drone1":0.7037183762260975,"Drone2":0.9299540802369302,"Drone3":100.07990351240481},"info":{}}
{"ts":"2026-01-30T10:56:06","level":"INFO","name":"rl.train","msg":"[INTERFERENCE]","episode":1,"step":25,"strength":-47.042360613500264,"kind":"power","unit":"dB","agent":"Drone1","raw_strength":1.9758952475967817e-05,"raw_unit":"power"}
{"ts":"2026-01-30T10:56:07","level":"INFO","name":"rl.train","msg":"[INTERFERENCE]","episode":1,"step":25,"strength":-46.02508291215038,"kind":"power","unit":"dB","agent":"Drone2","raw_strength":2.49742060987046e-05,"raw_unit":"power"}
{"ts":"2026-01-30T10:56:07","level":"INFO","name":"rl.train","msg":"[INTERFERENCE]","episode":1,"step":25,"strength":-45.544734325794096,"kind":"power","unit":"dB","agent":"Drone3","raw_strength":2.7895011953660287e-05,"raw_unit":"power"}
{"ts":"2026-01-30T10:56:07","level":"INFO","name":"rl.train","msg":"step_after","episode":1,"step":25,"actions":{},"reward":{"Drone1":0.7100561910804026,"Drone2":0.9408818686708764,"Drone3":99.74526511667248},"info":{}}
{"ts":"2026-01-30T10:56:08","level":"INFO","name":"rl.train","msg":"[INTERFERENCE]","episode":1,"step":26,"strength":-45.544734325794096,"kind":"power","unit":"dB","agent":"Drone1","raw_strength":2.7895011953660287e-05,"raw_unit":"power"}
{"ts":"2026-01-30T10:56:08","level":"INFO","name":"rl.train","msg":"[INTERFERENCE]","episode":1,"step":26,"strength":-45.076887142186344,"kind":"power","unit":"dB","agent":"Drone2","raw_strength":3.1067855161381885e-05,"raw_unit":"power"}
{"ts":"2026-01-30T10:56:08","level":"INFO","name":"rl.train","msg":"[INTERFERENCE]","episode":1,"step":26,"strength":-44.6741566624854,"kind":"power","unit":"dB","agent":"Drone3","raw_strength":3.408664997550659e-05,"raw_unit":"power"}
{"ts":"2026-01-30T10:56:08","level":"INFO","name":"rl.train","msg":"step_after","episode":1,"step":26,"actions":{},"reward":{"Drone1":0.7250629567908982,"Drone2":1.3621158137286693,"Drone3":100.01350557210775},"info":{}}
{"ts":"2026-01-30T10:56:09","level":"INFO","name":"rl.train","msg":"[INTERFERENCE]","episode":1,"step":27,"strength":-45.53661418163884,"kind":"power","unit":"dB","agent":"Drone1","raw_strength":2.7947216949542053e-05,"raw_unit":"power"}
{"ts":"2026-01-30T10:56:09","level":"INFO","name":"rl.train","msg":"[INTERFERENCE]","episode":1,"step":27,"strength":-44.65606970330515,"kind":"power","unit":"dB","agent":"Drone2","raw_strength":3.4228905860800296e-05,"raw_unit":"power"}
{"ts":"2026-01-30T10:56:09","level":"INFO","name":"rl.train","msg":"[INTERFERENCE]","episode":1,"step":27,"strength":-44.13729863421224,"kind":"power","unit":"dB","agent":"Drone3","raw_strength":3.857181945932098e-05,"raw_unit":"power"}
{"ts":"2026-01-30T10:56:09","level":"INFO","name":"rl.train","msg":"step_after","episode":1,"step":27,"actions":{},"reward":{"Drone1":0.7749381900878143,"Drone2":0.47929219646015553,"Drone3":99.89189650274078},"info":{}}
{"ts":"2026-01-30T10:56:10","level":"INFO","name":"rl.train","msg":"[INTERFERENCE]","episode":1,"step":28,"strength":-45.151711148274636,"kind":"power","unit":"dB","agent":"Drone1","raw_strength":3.05371759168338e-05,"raw_unit":"power"}
{"ts":"2026-01-30T10:56:10","level":"INFO","name":"rl.train","msg":"[INTERFERENCE]","episode":1,"step":28,"strength":-44.256064308172554,"kind":"power","unit":"dB","agent":"Drone2","raw_strength":3.753129567485303e-05,"raw_unit":"power"}
{"ts":"2026-01-30T10:56:10","level":"INFO","name":"rl.train","msg":"[INTERFERENCE]","episode":1,"step":28,"strength":-43.54560223255038,"kind":"power","unit":"dB","agent":"Drone3","raw_strength":4.420178083819337e-05,"raw_unit":"power"}
{"ts":"2026-01-30T10:56:10","level":"INFO","name":"rl.train","msg":"step_after","episode":1,"step":28,"actions":{},"reward":{"Drone1":0.8029730126620416,"Drone2":0.8176694515152485,"Drone3":100.37092963150666},"info":{}}
{"ts":"2026-01-30T10:56:10","level":"INFO","name":"rl.train","msg":"[INTERFERENCE]","episode":1,"step":29,"strength":-44.742250009196056,"kind":"power","unit":"dB","agent":"Drone1","raw_strength":3.3556370908627287e-05,"raw_unit":"power"}
{"ts":"2026-01-30T10:56:10","level":"INFO","name":"rl.train","msg":"[INTERFERENCE]","episode":1,"step":29,"strength":-43.87776074113626,"kind":"power","unit":"dB","agent":"Drone2","raw_strength":4.0947172237792984e-05,"raw_unit":"power"}
{"ts":"2026-01-30T10:56:10","level":"INFO","name":"rl.train","msg":"[INTERFERENCE]","episode":1,"step":29,"strength":-42.955192801728984,"kind":"power","unit":"dB","agent":"Drone3","raw_strength":5.0638485845411196e-05,"raw_unit":"power"}
{"ts":"2026-01-30T10:56:10","level":"INFO","name":"rl.train","msg":"step_after","episode":1,"step":29,"actions":{},"reward":{"Drone1":0.927561423108491,"Drone2":0.9742152899636858,"Drone3":99.27180353126481},"info":{}}
